date,city,lat,lon,aqi,pm25,pm10,co2,temperature,humidity,wind_speed
2025-07-16,Hyderabad,17.385,78.4867,100.6,39.5,89.0,401.8,28.3,64.2,6.2
2025-07-17,Hyderabad,17.385,78.4867,81.9,35.5,71.2,401.3,29.6,71.2,3.2
2025-07-18,Hyderabad,17.385,78.4867,102.2,44.1,77.6,395.0,28.7,61.4,5.0
2025-07-19,Hyderabad,17.385,78.4867,105.1,43.5,90.6,404.1,32.4,66.2,2.8
2025-07-20,Hyderabad,17.385,78.4867,117.2,54.4,93.6,411.3,30.6,80.0,5.3
2025-07-21,Hyderabad,17.385,78.4867,127.2,58.6,102.2,405.5,32.0,59.7,4.4
2025-07-22,Hyderabad,17.385,78.4867,123.2,50.9,103.9,401.4,30.7,82.3,3.4
2025-07-23,Hyderabad,17.385,78.4867,113.1,43.9,74.4,406.1,31.5,65.8,7.8
2025-07-24,Hyderabad,17.385,78.4867,107.9,52.7,83.6,407.1,26.1,76.9,3.9
2025-07-25,Hyderabad,17.385,78.4867,90.7,42.8,81.2,395.4,28.7,64.2,4.5
2025-07-26,Hyderabad,17.385,78.4867,109.8,46.7,75.9,412.5,29.0,91.2,4.3
2025-07-27,Hyderabad,17.385,78.4867,128.8,45.3,105.7,422.5,26.7,73.3,4.0
2025-07-28,Hyderabad,17.385,78.4867,92.5,42.7,84.3,392.6,28.2,86.3,1.6
2025-07-29,Hyderabad,17.385,78.4867,99.1,53.3,79.6,415.2,28.9,79.9,3.1
2025-07-30,Hyderabad,17.385,78.4867,124.2,51.1,100.0,407.7,26.2,83.3,4.1
2025-07-31,Hyderabad,17.385,78.4867,90.2,45.2,66.2,395.7,30.2,88.0,5.1
2025-08-01,Hyderabad,17.385,78.4867,105.6,50.3,95.1,409.6,28.8,67.2,4.6
2025-08-02,Hyderabad,17.385,78.4867,112.6,52.4,90.3,400.1,35.1,66.2,2.7
2025-08-03,Hyderabad,17.385,78.4867,86.2,27.7,70.4,402.5,25.9,85.4,6.9
2025-08-04,Hyderabad,17.385,78.4867,122.3,59.7,90.4,402.6,26.6,63.5,2.6
2025-08-05,Hyderabad,17.385,78.4867,110.2,51.0,83.1,404.3,29.1,70.2,2.7
2025-08-06,Hyderabad,17.385,78.4867,105.0,54.3,83.9,389.4,31.7,76.6,2.5
2025-08-07,Hyderabad,17.385,78.4867,84.1,41.2,67.9,396.2,31.2,76.6,4.2
2025-08-08,Hyderabad,17.385,78.4867,103.8,40.3,83.1,423.6,27.5,77.6,4.0
2025-08-09,Hyderabad,17.385,78.4867,99.2,54.4,90.7,407.8,32.5,83.0,3.6
2025-08-10,Hyderabad,17.385,78.4867,103.1,46.6,81.7,413.7,27.0,93.1,3.1
2025-08-11,Hyderabad,17.385,78.4867,126.9,64.8,90.4,406.6,34.2,90.2,4.7
2025-08-12,Hyderabad,17.385,78.4867,91.1,41.3,73.1,394.2,34.2,102.8,4.0
2025-08-13,Hyderabad,17.385,78.4867,103.3,41.9,93.2,398.1,26.4,84.8,2.4
2025-08-14,Hyderabad,17.385,78.4867,81.5,52.7,64.4,384.8,29.8,86.8,2.2
2025-08-15,Hyderabad,17.385,78.4867,73.1,40.8,62.4,384.5,28.1,85.2,4.2
2025-08-16,Hyderabad,17.385,78.4867,100.2,51.6,60.9,409.1,28.7,86.6,6.0
2025-08-17,Hyderabad,17.385,78.4867,117.4,54.5,86.7,417.4,30.8,80.5,4.3
2025-08-18,Hyderabad,17.385,78.4867,106.0,46.6,80.2,427.7,34.9,92.7,0.7
2025-08-19,Hyderabad,17.385,78.4867,103.4,47.0,78.0,407.3,27.0,63.8,3.0
2025-08-20,Hyderabad,17.385,78.4867,94.0,58.3,66.0,376.8,33.9,84.1,2.6
2025-08-21,Hyderabad,17.385,78.4867,75.5,27.8,55.0,394.4,30.5,61.5,4.4
2025-08-22,Hyderabad,17.385,78.4867,121.0,53.9,91.6,410.4,27.2,72.9,5.0
2025-08-23,Hyderabad,17.385,78.4867,101.7,36.0,58.6,401.7,30.0,72.6,1.0
2025-08-24,Hyderabad,17.385,78.4867,119.0,49.4,98.0,418.6,32.7,76.9,2.7
2025-08-25,Hyderabad,17.385,78.4867,106.0,41.3,76.5,404.9,28.5,66.7,1.4
2025-08-26,Hyderabad,17.385,78.4867,85.8,38.7,79.0,387.2,30.1,88.0,5.0
2025-08-27,Hyderabad,17.385,78.4867,81.8,34.5,60.1,381.9,28.3,59.6,4.2
2025-08-28,Hyderabad,17.385,78.4867,87.9,33.2,66.5,377.1,28.8,79.7,2.8
2025-08-29,Hyderabad,17.385,78.4867,84.5,41.2,77.2,369.8,30.0,79.8,3.7
2025-08-30,Hyderabad,17.385,78.4867,111.8,55.0,81.6,400.7,32.2,80.8,2.4
2025-08-31,Hyderabad,17.385,78.4867,96.9,45.2,67.7,402.0,28.0,71.8,2.9
2025-09-01,Hyderabad,17.385,78.4867,86.5,34.1,67.6,387.7,27.3,51.1,3.1
2025-09-02,Hyderabad,17.385,78.4867,102.2,43.2,90.2,421.6,25.5,51.3,2.0
2025-09-03,Hyderabad,17.385,78.4867,123.5,58.6,92.4,419.4,26.2,72.2,3.9
2025-09-04,Hyderabad,17.385,78.4867,102.0,47.2,83.6,385.6,31.9,74.3,3.9
2025-09-05,Hyderabad,17.385,78.4867,99.0,56.3,71.5,397.2,30.0,74.0,4.6
2025-09-06,Hyderabad,17.385,78.4867,118.7,50.3,94.3,422.4,25.5,59.0,2.2
2025-09-07,Hyderabad,17.385,78.4867,91.3,35.5,73.6,397.8,31.2,58.6,2.3
2025-09-08,Hyderabad,17.385,78.4867,113.0,49.2,82.0,419.0,29.8,51.0,5.0
2025-09-09,Hyderabad,17.385,78.4867,98.1,40.9,71.4,399.6,23.8,67.2,0.7
2025-09-10,Hyderabad,17.385,78.4867,87.1,38.5,56.5,383.9,30.1,63.2,2.8
2025-09-11,Hyderabad,17.385,78.4867,133.5,56.8,89.2,443.9,27.2,67.8,4.6
2025-09-12,Hyderabad,17.385,78.4867,106.2,50.3,75.9,401.6,31.2,52.1,3.7
2025-09-13,Hyderabad,17.385,78.4867,104.1,52.9,74.5,406.1,28.9,63.5,1.0
2025-09-14,Hyderabad,17.385,78.4867,105.7,49.1,96.2,395.3,26.4,58.7,2.6
2025-09-15,Hyderabad,17.385,78.4867,125.6,52.0,96.3,400.3,28.2,63.4,3.0
2025-09-16,Hyderabad,17.385,78.4867,89.3,42.2,73.5,391.4,33.9,46.6,0.5
2025-09-17,Hyderabad,17.385,78.4867,108.8,46.5,86.6,404.6,31.2,62.9,2.4
2025-09-18,Hyderabad,17.385,78.4867,92.1,38.9,70.6,409.9,30.0,66.4,3.6
2025-09-19,Hyderabad,17.385,78.4867,96.0,27.2,73.0,393.8,35.6,65.0,1.6
2025-09-20,Hyderabad,17.385,78.4867,84.8,31.9,67.5,405.3,23.9,69.4,5.1
2025-09-21,Hyderabad,17.385,78.4867,105.5,51.9,67.1,407.3,26.1,49.1,3.7
2025-09-22,Hyderabad,17.385,78.4867,108.5,54.9,87.4,401.5,27.3,52.6,3.1
2025-09-23,Hyderabad,17.385,78.4867,103.6,40.5,76.7,404.8,24.5,66.4,4.6
2025-09-24,Hyderabad,17.385,78.4867,85.6,37.4,68.7,392.0,30.4,56.7,4.5
2025-09-25,Hyderabad,17.385,78.4867,109.2,54.5,82.7,392.0,26.5,78.3,4.5
2025-09-26,Hyderabad,17.385,78.4867,98.4,40.5,63.6,406.9,31.6,64.4,3.8
2025-09-27,Hyderabad,17.385,78.4867,64.5,26.8,62.7,369.6,28.8,92.1,6.4
2025-09-28,Hyderabad,17.385,78.4867,101.1,47.5,72.7,402.5,30.7,50.0,1.7
2025-09-29,Hyderabad,17.385,78.4867,96.5,42.9,79.1,388.8,26.8,65.2,5.8
2025-09-30,Hyderabad,17.385,78.4867,126.3,56.3,112.2,418.2,27.7,62.7,4.2
2025-10-01,Hyderabad,17.385,78.4867,96.4,42.1,77.8,395.8,23.5,68.8,3.0
2025-10-02,Hyderabad,17.385,78.4867,175.1,73.4,137.1,430.7,31.0,67.2,4.8
2025-10-03,Hyderabad,17.385,78.4867,106.1,48.3,77.0,391.5,27.6,64.0,2.8
2025-10-04,Hyderabad,17.385,78.4867,121.9,47.5,79.1,408.3,26.3,84.5,1.9
2025-10-05,Hyderabad,17.385,78.4867,86.7,36.3,73.9,392.5,30.6,57.5,4.8
2025-10-06,Hyderabad,17.385,78.4867,149.8,67.2,128.4,421.1,26.4,76.3,3.1
2025-10-07,Hyderabad,17.385,78.4867,116.4,49.2,98.3,418.4,30.4,68.8,2.6
2025-10-08,Hyderabad,17.385,78.4867,138.7,58.5,99.8,396.0,29.5,49.7,3.8
2025-10-09,Hyderabad,17.385,78.4867,138.5,65.9,100.0,413.9,29.6,66.2,1.6
2025-10-10,Hyderabad,17.385,78.4867,154.7,73.7,124.1,439.3,24.1,74.6,0.6
2025-10-11,Hyderabad,17.385,78.4867,131.1,61.9,99.8,417.6,32.0,87.7,3.0
2025-10-12,Hyderabad,17.385,78.4867,124.4,54.9,98.6,397.0,27.7,95.9,4.6
2025-10-13,Hyderabad,17.385,78.4867,175.2,79.9,124.8,447.1,27.2,79.2,4.8
2025-10-14,Hyderabad,17.385,78.4867,111.0,37.9,75.8,405.0,20.9,59.7,3.1
2025-10-15,Hyderabad,17.385,78.4867,80.3,46.8,71.1,378.6,26.9,82.2,2.7
2025-10-16,Hyderabad,17.385,78.4867,127.5,52.6,101.0,417.5,24.5,67.4,3.5
2025-10-17,Hyderabad,17.385,78.4867,111.3,47.0,92.5,401.1,27.9,56.4,6.7
2025-10-18,Hyderabad,17.385,78.4867,116.0,57.2,73.9,387.8,27.6,78.7,4.7
2025-10-19,Hyderabad,17.385,78.4867,117.5,48.9,94.8,403.1,28.3,70.8,3.8
2025-10-20,Hyderabad,17.385,78.4867,143.8,60.1,130.6,414.2,25.1,70.6,3.8
2025-10-21,Hyderabad,17.385,78.4867,163.0,72.6,133.7,445.2,28.1,59.4,4.4
2025-10-22,Hyderabad,17.385,78.4867,119.7,56.9,89.1,394.6,25.5,59.1,4.5
2025-10-23,Hyderabad,17.385,78.4867,142.8,73.2,114.4,411.1,24.3,59.2,2.3
2025-10-24,Hyderabad,17.385,78.4867,99.5,47.4,71.4,399.2,27.6,63.7,2.1
2025-10-25,Hyderabad,17.385,78.4867,129.1,59.8,100.1,406.9,28.0,69.8,0.6
2025-10-26,Hyderabad,17.385,78.4867,176.2,82.7,129.5,416.9,30.6,76.3,3.6
2025-10-27,Hyderabad,17.385,78.4867,107.1,45.2,72.8,408.5,32.0,62.0,2.8
2025-10-28,Hyderabad,17.385,78.4867,144.5,67.5,121.3,432.0,25.3,67.6,2.8
2025-10-29,Hyderabad,17.385,78.4867,167.9,73.3,130.3,438.6,32.0,55.4,1.9
2025-10-30,Hyderabad,17.385,78.4867,154.0,65.5,111.6,433.1,27.2,68.9,1.1
2025-10-31,Hyderabad,17.385,78.4867,137.9,63.8,114.2,423.5,30.1,61.1,5.5
2025-11-01,Hyderabad,17.385,78.4867,179.8,77.9,165.9,440.5,21.6,37.8,4.5
2025-11-02,Hyderabad,17.385,78.4867,165.0,84.5,132.0,442.5,21.7,54.8,2.6
2025-11-03,Hyderabad,17.385,78.4867,201.2,88.8,154.0,448.0,28.5,47.8,2.5
2025-11-04,Hyderabad,17.385,78.4867,199.6,86.5,147.3,444.2,23.1,40.1,4.4
2025-11-05,Hyderabad,17.385,78.4867,113.7,48.6,104.0,408.4,19.3,43.0,4.2
2025-11-06,Hyderabad,17.385,78.4867,160.5,78.0,128.4,413.8,23.3,48.7,4.2
2025-11-07,Hyderabad,17.385,78.4867,211.6,93.7,168.8,453.7,17.2,65.6,1.1
2025-11-08,Hyderabad,17.385,78.4867,140.6,63.1,107.0,425.8,26.8,52.7,5.8
2025-11-09,Hyderabad,17.385,78.4867,263.3,123.2,212.6,484.5,19.1,60.8,3.6
2025-11-10,Hyderabad,17.385,78.4867,216.0,94.8,176.7,457.5,17.1,56.2,2.0
2025-11-11,Hyderabad,17.385,78.4867,221.6,95.8,170.5,455.8,23.0,46.9,6.4
2025-11-12,Hyderabad,17.385,78.4867,152.7,70.7,119.0,401.9,17.5,35.2,4.5
2025-11-13,Hyderabad,17.385,78.4867,181.8,79.3,141.5,442.1,20.4,47.0,2.5
2025-11-14,Hyderabad,17.385,78.4867,184.0,80.4,140.8,442.3,25.9,48.0,2.4
2025-11-15,Hyderabad,17.385,78.4867,190.7,84.8,145.3,434.4,23.8,57.3,4.5
2025-11-16,Hyderabad,17.385,78.4867,182.5,83.3,131.2,429.3,17.4,43.0,2.7
2025-11-17,Hyderabad,17.385,78.4867,180.0,86.5,132.3,431.8,24.2,65.3,2.7
2025-11-18,Hyderabad,17.385,78.4867,210.7,94.1,154.1,460.7,20.8,42.6,2.7
2025-11-19,Hyderabad,17.385,78.4867,223.5,102.8,168.1,477.4,18.0,36.5,3.9
2025-11-20,Hyderabad,17.385,78.4867,170.6,74.1,135.0,424.5,24.3,43.9,3.4
2025-11-21,Hyderabad,17.385,78.4867,187.6,76.2,161.9,429.9,19.1,62.8,4.0
2025-11-22,Hyderabad,17.385,78.4867,202.2,94.8,167.6,448.2,27.1,50.5,2.9
2025-11-23,Hyderabad,17.385,78.4867,195.6,83.7,148.9,446.9,20.4,39.1,2.8
2025-11-24,Hyderabad,17.385,78.4867,153.0,69.2,115.3,432.8,27.9,66.6,4.2
2025-11-25,Hyderabad,17.385,78.4867,225.1,90.0,168.9,468.5,27.5,63.9,4.9
2025-11-26,Hyderabad,17.385,78.4867,223.9,93.3,181.2,466.9,28.9,39.4,4.2
2025-11-27,Hyderabad,17.385,78.4867,201.0,92.2,159.0,434.0,17.1,43.9,3.0
2025-11-28,Hyderabad,17.385,78.4867,176.2,77.7,138.8,440.0,28.7,42.1,2.0
2025-11-29,Hyderabad,17.385,78.4867,195.2,94.6,135.4,435.6,13.2,49.4,4.1
2025-11-30,Hyderabad,17.385,78.4867,197.1,88.4,148.6,453.6,27.7,52.6,4.9
2025-12-01,Hyderabad,17.385,78.4867,176.8,80.1,141.3,437.1,29.5,48.7,5.5
2025-12-02,Hyderabad,17.385,78.4867,166.6,84.5,141.2,439.8,16.9,38.7,4.2
2025-12-03,Hyderabad,17.385,78.4867,182.7,90.2,144.8,451.8,26.9,59.8,6.4
2025-12-04,Hyderabad,17.385,78.4867,183.3,75.1,129.3,454.5,20.3,36.3,3.1
2025-12-05,Hyderabad,17.385,78.4867,213.2,94.8,164.9,460.4,25.2,54.9,4.5
2025-12-06,Hyderabad,17.385,78.4867,188.1,92.7,142.7,447.7,22.3,60.1,3.5
2025-12-07,Hyderabad,17.385,78.4867,187.3,79.1,142.2,439.2,27.8,40.5,2.1
2025-12-08,Hyderabad,17.385,78.4867,218.1,96.3,162.7,470.5,22.7,54.4,2.5
2025-12-09,Hyderabad,17.385,78.4867,145.9,61.5,110.7,427.6,16.6,55.3,4.2
2025-12-10,Hyderabad,17.385,78.4867,190.2,97.7,137.2,455.6,29.6,74.9,2.7
2025-12-11,Hyderabad,17.385,78.4867,149.6,68.2,121.2,418.2,23.3,62.3,1.7
2025-12-12,Hyderabad,17.385,78.4867,144.9,73.9,112.6,418.1,22.8,39.2,3.4
2025-12-13,Hyderabad,17.385,78.4867,177.6,77.5,144.5,441.3,21.9,51.2,3.9
2025-12-14,Hyderabad,17.385,78.4867,151.7,70.9,118.5,430.3,28.4,39.5,0.9
2025-12-15,Hyderabad,17.385,78.4867,206.1,99.9,152.1,435.8,19.6,30.2,6.0
2025-12-16,Hyderabad,17.385,78.4867,228.5,105.0,177.4,465.6,21.5,61.9,2.9
2025-12-17,Hyderabad,17.385,78.4867,169.4,78.4,125.2,425.8,22.8,60.9,7.2
2025-12-18,Hyderabad,17.385,78.4867,162.0,79.7,119.7,439.9,18.8,52.4,5.7
2025-12-19,Hyderabad,17.385,78.4867,227.5,115.9,180.9,457.2,21.2,62.3,1.1
2025-12-20,Hyderabad,17.385,78.4867,158.5,59.2,118.3,428.6,23.8,52.6,2.6
2025-12-21,Hyderabad,17.385,78.4867,248.6,109.7,195.7,463.2,23.6,62.0,1.8
2025-12-22,Hyderabad,17.385,78.4867,180.0,77.0,123.6,437.1,20.8,40.3,4.9
2025-12-23,Hyderabad,17.385,78.4867,162.4,77.5,137.8,434.2,24.2,33.2,1.8
2025-12-24,Hyderabad,17.385,78.4867,179.0,79.5,147.6,439.3,24.2,48.0,3.9
2025-12-25,Hyderabad,17.385,78.4867,213.6,88.5,174.6,458.3,21.1,48.5,1.4
2025-12-26,Hyderabad,17.385,78.4867,202.9,91.9,150.8,449.5,17.2,62.5,0.5
2025-12-27,Hyderabad,17.385,78.4867,104.7,42.2,83.6,384.6,24.5,37.3,1.6
2025-12-28,Hyderabad,17.385,78.4867,160.7,69.5,125.8,443.9,27.6,53.9,3.0
2025-12-29,Hyderabad,17.385,78.4867,221.4,99.5,182.3,466.8,16.6,45.5,3.7
2025-12-30,Hyderabad,17.385,78.4867,193.6,95.7,163.6,442.6,19.6,48.2,4.5
2025-12-31,Hyderabad,17.385,78.4867,222.5,101.2,193.5,465.7,15.6,50.0,2.9
2026-01-01,Hyderabad,17.385,78.4867,126.8,48.5,89.8,417.1,22.0,53.2,7.5
2026-01-02,Hyderabad,17.385,78.4867,188.5,78.9,154.2,442.8,19.0,46.3,1.9
2026-01-03,Hyderabad,17.385,78.4867,195.6,90.5,136.0,441.1,22.2,47.7,5.6
2026-01-04,Hyderabad,17.385,78.4867,156.2,61.2,110.5,430.0,24.6,51.1,2.7
2026-01-05,Hyderabad,17.385,78.4867,177.0,79.3,131.1,442.5,16.9,44.6,3.0
2026-01-06,Hyderabad,17.385,78.4867,176.3,77.8,136.0,439.1,21.6,52.4,3.0
2026-01-07,Hyderabad,17.385,78.4867,191.8,89.0,153.6,451.6,19.9,53.9,5.0
2026-01-08,Hyderabad,17.385,78.4867,160.9,74.0,126.3,431.0,18.9,61.6,1.7
2026-01-09,Hyderabad,17.385,78.4867,170.5,85.0,125.9,438.3,20.6,39.9,4.1
2026-01-10,Hyderabad,17.385,78.4867,168.0,71.3,122.3,429.3,27.9,44.6,5.7
2026-01-11,Hyderabad,17.385,78.4867,118.7,57.5,96.4,409.1,11.9,44.7,3.6
2025-07-16,Delhi,28.6139,77.209,71.5,34.9,53.4,394.7,30.7,81.3,0.9
2025-07-17,Delhi,28.6139,77.209,82.4,37.3,66.1,408.1,31.1,61.6,2.5
2025-07-18,Delhi,28.6139,77.209,80.5,40.9,54.6,387.5,30.3,65.2,3.1
2025-07-19,Delhi,28.6139,77.209,116.2,43.8,110.0,402.2,25.5,51.3,0.5
2025-07-20,Delhi,28.6139,77.209,97.5,37.4,72.6,396.2,34.7,67.7,3.3
2025-07-21,Delhi,28.6139,77.209,117.8,48.8,75.7,407.6,28.7,69.1,3.1
2025-07-22,Delhi,28.6139,77.209,112.1,55.1,96.0,414.1,27.7,85.2,3.4
2025-07-23,Delhi,28.6139,77.209,103.2,46.3,75.0,396.2,29.2,63.5,2.0
2025-07-24,Delhi,28.6139,77.209,109.4,49.9,71.9,407.4,29.2,72.8,3.2
2025-07-25,Delhi,28.6139,77.209,52.8,23.4,46.0,377.9,31.7,52.5,5.3
2025-07-26,Delhi,28.6139,77.209,113.5,54.2,78.3,403.7,32.4,74.2,5.1
2025-07-27,Delhi,28.6139,77.209,75.0,30.5,53.1,386.1,29.8,81.8,5.5
2025-07-28,Delhi,28.6139,77.209,104.6,54.2,93.0,414.9,28.3,84.2,2.3
2025-07-29,Delhi,28.6139,77.209,110.2,48.6,67.8,407.0,29.7,54.8,4.8
2025-07-30,Delhi,28.6139,77.209,102.3,45.9,86.8,411.4,31.1,76.8,3.6
2025-07-31,Delhi,28.6139,77.209,124.5,49.7,99.2,414.9,27.8,89.3,4.5
2025-08-01,Delhi,28.6139,77.209,106.8,51.4,78.6,395.1,32.0,71.0,5.6
2025-08-02,Delhi,28.6139,77.209,79.3,34.3,42.8,406.8,30.5,72.4,3.1
2025-08-03,Delhi,28.6139,77.209,143.1,69.6,120.0,420.1,29.1,76.7,2.5
2025-08-04,Delhi,28.6139,77.209,134.3,62.7,95.2,432.9,33.3,68.3,0.7
2025-08-05,Delhi,28.6139,77.209,92.4,38.5,76.8,390.6,28.2,71.3,4.4
2025-08-06,Delhi,28.6139,77.209,145.3,65.6,104.0,409.0,27.5,63.5,4.8
2025-08-07,Delhi,28.6139,77.209,108.5,48.6,79.5,405.9,30.9,76.0,2.2
2025-08-08,Delhi,28.6139,77.209,79.6,30.6,63.7,380.5,31.2,86.0,4.3
2025-08-09,Delhi,28.6139,77.209,163.1,70.6,138.0,420.7,28.4,74.8,5.4
2025-08-10,Delhi,28.6139,77.209,111.7,46.6,83.3,413.8,31.4,65.0,3.6
2025-08-11,Delhi,28.6139,77.209,111.1,46.8,85.9,414.3,29.7,87.8,4.7
2025-08-12,Delhi,28.6139,77.209,114.4,53.8,90.8,402.4,27.9,67.5,6.1
2025-08-13,Delhi,28.6139,77.209,85.6,38.6,68.7,385.8,34.3,85.9,4.4
2025-08-14,Delhi,28.6139,77.209,90.8,34.6,80.4,400.3,28.4,81.7,2.3
2025-08-15,Delhi,28.6139,77.209,99.2,42.7,85.2,388.3,26.6,73.8,4.8
2025-08-16,Delhi,28.6139,77.209,130.3,54.5,99.7,387.7,27.6,81.3,6.1
2025-08-17,Delhi,28.6139,77.209,97.5,39.7,85.4,384.8,28.6,77.9,5.1
2025-08-18,Delhi,28.6139,77.209,101.8,43.8,72.2,401.5,25.0,88.8,4.2
2025-08-19,Delhi,28.6139,77.209,95.7,41.9,70.8,392.3,33.2,68.4,4.0
2025-08-20,Delhi,28.6139,77.209,55.4,23.3,31.7,379.8,27.2,53.9,7.2
2025-08-21,Delhi,28.6139,77.209,114.8,56.2,96.3,397.3,26.2,69.2,3.3
2025-08-22,Delhi,28.6139,77.209,103.8,45.1,94.4,393.7,33.4,70.1,3.1
2025-08-23,Delhi,28.6139,77.209,85.5,39.6,71.3,391.9,25.4,58.2,0.5
2025-08-24,Delhi,28.6139,77.209,64.2,26.7,51.8,372.4,34.7,70.6,4.4
2025-08-25,Delhi,28.6139,77.209,100.2,44.0,73.2,400.5,31.8,70.5,3.1
2025-08-26,Delhi,28.6139,77.209,140.8,52.2,112.3,435.0,25.8,66.5,3.8
2025-08-27,Delhi,28.6139,77.209,97.4,42.7,68.7,419.6,26.6,69.9,3.9
2025-08-28,Delhi,28.6139,77.209,116.1,48.9,86.1,403.2,29.8,77.5,4.6
2025-08-29,Delhi,28.6139,77.209,65.4,37.5,36.8,392.7,29.2,79.7,4.2
2025-08-30,Delhi,28.6139,77.209,69.7,32.5,56.6,378.1,38.8,64.1,5.6
2025-08-31,Delhi,28.6139,77.209,75.5,44.4,51.6,377.0,22.5,74.6,4.4
2025-09-01,Delhi,28.6139,77.209,102.5,58.4,80.0,385.0,32.7,63.5,3.5
2025-09-02,Delhi,28.6139,77.209,94.2,48.3,77.0,390.1,27.4,63.4,5.4
2025-09-03,Delhi,28.6139,77.209,125.0,58.7,105.5,419.0,30.0,72.3,3.2
2025-09-04,Delhi,28.6139,77.209,119.4,61.8,99.2,403.0,28.3,75.3,5.5
2025-09-05,Delhi,28.6139,77.209,79.0,35.9,75.5,397.3,26.8,65.8,5.4
2025-09-06,Delhi,28.6139,77.209,100.5,39.7,77.8,409.8,29.8,56.4,0.8
2025-09-07,Delhi,28.6139,77.209,109.7,49.8,87.5,403.1,24.2,62.7,4.3
2025-09-08,Delhi,28.6139,77.209,100.0,48.8,80.2,401.8,28.6,64.6,5.4
2025-09-09,Delhi,28.6139,77.209,133.3,66.6,108.3,402.0,24.7,61.7,5.1
2025-09-10,Delhi,28.6139,77.209,107.9,47.6,93.4,403.4,28.6,67.0,4.2
2025-09-11,Delhi,28.6139,77.209,118.1,58.1,93.5,406.2,24.8,54.6,3.0
2025-09-12,Delhi,28.6139,77.209,103.7,46.9,82.0,410.2,24.6,67.6,4.7
2025-09-13,Delhi,28.6139,77.209,104.6,40.3,70.9,417.5,28.5,60.3,0.7
2025-09-14,Delhi,28.6139,77.209,95.7,48.1,91.2,385.2,30.4,62.5,3.5
2025-09-15,Delhi,28.6139,77.209,109.2,43.9,99.0,403.0,27.1,74.3,3.7
2025-09-16,Delhi,28.6139,77.209,103.4,51.8,82.1,402.6,22.2,63.5,3.4
2025-09-17,Delhi,28.6139,77.209,113.8,53.5,87.7,413.5,31.7,72.5,3.7
2025-09-18,Delhi,28.6139,77.209,106.8,43.1,93.3,418.1,34.3,66.3,1.7
2025-09-19,Delhi,28.6139,77.209,95.2,41.7,71.2,394.8,29.2,64.6,2.1
2025-09-20,Delhi,28.6139,77.209,63.5,24.0,58.1,380.5,30.6,62.0,5.9
2025-09-21,Delhi,28.6139,77.209,122.0,53.9,93.5,414.1,23.8,77.4,3.2
2025-09-22,Delhi,28.6139,77.209,118.5,61.2,88.3,395.1,29.9,51.2,3.8
2025-09-23,Delhi,28.6139,77.209,106.0,55.1,80.2,405.3,23.1,84.0,4.9
2025-09-24,Delhi,28.6139,77.209,110.3,55.0,81.5,404.8,27.7,59.7,3.5
2025-09-25,Delhi,28.6139,77.209,77.2,36.9,55.5,397.1,27.7,54.2,2.4
2025-09-26,Delhi,28.6139,77.209,118.9,52.3,83.9,404.5,27.3,67.7,4.6
2025-09-27,Delhi,28.6139,77.209,122.9,47.3,99.7,414.2,25.5,68.7,3.1
2025-09-28,Delhi,28.6139,77.209,111.5,48.7,79.5,405.9,30.5,68.3,3.8
2025-09-29,Delhi,28.6139,77.209,92.0,44.5,68.2,404.9,28.7,62.9,4.4
2025-09-30,Delhi,28.6139,77.209,81.6,41.0,67.4,388.1,23.7,67.8,1.5
2025-10-01,Delhi,28.6139,77.209,117.7,51.0,94.0,394.6,30.2,61.6,3.6
2025-10-02,Delhi,28.6139,77.209,157.9,71.7,120.6,418.5,29.3,87.4,5.5
2025-10-03,Delhi,28.6139,77.209,156.5,72.1,114.4,435.4,28.3,38.8,5.3
2025-10-04,Delhi,28.6139,77.209,168.6,68.1,136.6,443.0,31.3,58.2,2.2
2025-10-05,Delhi,28.6139,77.209,131.1,64.3,104.0,416.3,34.6,58.2,2.8
2025-10-06,Delhi,28.6139,77.209,120.4,61.7,112.3,415.6,26.9,79.0,5.2
2025-10-07,Delhi,28.6139,77.209,139.2,68.9,95.6,421.4,34.1,57.5,0.5
2025-10-08,Delhi,28.6139,77.209,99.5,34.0,83.2,400.3,29.2,80.3,0.7
2025-10-09,Delhi,28.6139,77.209,157.1,73.9,128.3,420.8,24.4,49.9,5.4
2025-10-10,Delhi,28.6139,77.209,105.7,47.0,90.1,401.4,26.0,68.7,6.7
2025-10-11,Delhi,28.6139,77.209,118.4,53.8,96.8,415.8,23.2,69.7,1.9
2025-10-12,Delhi,28.6139,77.209,128.2,55.7,108.0,415.6,24.1,55.7,4.2
2025-10-13,Delhi,28.6139,77.209,89.6,42.9,55.0,397.9,30.8,81.6,4.3
2025-10-14,Delhi,28.6139,77.209,108.9,46.6,83.0,397.2,30.7,73.6,3.3
2025-10-15,Delhi,28.6139,77.209,129.5,48.7,103.0,411.0,27.2,59.0,5.6
2025-10-16,Delhi,28.6139,77.209,128.2,64.2,102.6,407.0,28.0,72.2,2.5
2025-10-17,Delhi,28.6139,77.209,81.1,40.5,57.3,403.8,26.0,81.3,0.7
2025-10-18,Delhi,28.6139,77.209,149.1,68.1,105.9,434.1,18.6,63.3,4.3
2025-10-19,Delhi,28.6139,77.209,172.3,80.2,134.4,448.5,24.0,78.5,4.9
2025-10-20,Delhi,28.6139,77.209,123.5,60.2,100.1,433.2,22.5,53.5,1.9
2025-10-21,Delhi,28.6139,77.209,142.2,66.5,118.2,425.2,30.7,58.4,4.3
2025-10-22,Delhi,28.6139,77.209,84.4,37.2,58.8,391.9,26.3,66.5,2.5
2025-10-23,Delhi,28.6139,77.209,120.4,54.3,102.1,413.4,32.7,45.5,1.6
2025-10-24,Delhi,28.6139,77.209,139.9,65.1,100.4,424.8,30.9,57.9,1.4
2025-10-25,Delhi,28.6139,77.209,149.2,76.4,126.4,433.2,26.7,61.8,3.6
2025-10-26,Delhi,28.6139,77.209,101.0,41.2,76.0,408.3,29.9,59.9,2.7
2025-10-27,Delhi,28.6139,77.209,168.1,77.2,135.5,437.0,29.5,72.2,3.6
2025-10-28,Delhi,28.6139,77.209,103.4,45.7,81.6,394.8,28.3,59.7,3.6
2025-10-29,Delhi,28.6139,77.209,131.4,49.8,90.3,413.3,30.1,57.3,4.7
2025-10-30,Delhi,28.6139,77.209,171.0,72.4,139.1,435.5,28.6,62.8,1.9
2025-10-31,Delhi,28.6139,77.209,129.0,57.8,97.0,414.3,28.2,88.2,5.4
2025-11-01,Delhi,28.6139,77.209,170.7,79.5,130.8,430.5,20.6,50.2,4.3
2025-11-02,Delhi,28.6139,77.209,188.4,88.7,151.3,433.3,21.9,53.4,4.9
2025-11-03,Delhi,28.6139,77.209,138.2,60.1,112.4,424.6,23.2,50.1,3.5
2025-11-04,Delhi,28.6139,77.209,198.6,91.1,159.3,432.6,20.7,56.2,0.5
2025-11-05,Delhi,28.6139,77.209,165.8,69.1,117.8,440.1,24.8,52.3,3.2
2025-11-06,Delhi,28.6139,77.209,178.7,78.4,140.4,430.7,23.2,49.0,0.5
2025-11-07,Delhi,28.6139,77.209,173.5,78.8,138.7,430.4,19.9,49.7,1.7
2025-11-08,Delhi,28.6139,77.209,142.6,68.1,97.4,429.1,16.1,53.8,4.8
2025-11-09,Delhi,28.6139,77.209,146.9,56.9,111.0,409.4,22.5,44.4,4.6
2025-11-10,Delhi,28.6139,77.209,197.6,88.0,137.2,458.3,19.4,44.7,3.7
2025-11-11,Delhi,28.6139,77.209,163.3,73.6,124.0,434.7,19.4,59.4,0.5
2025-11-12,Delhi,28.6139,77.209,215.0,98.2,173.2,466.5,24.8,39.6,0.5
2025-11-13,Delhi,28.6139,77.209,152.3,70.5,113.1,421.9,21.1,55.0,3.1
2025-11-14,Delhi,28.6139,77.209,188.6,92.0,149.6,460.8,26.6,51.7,3.2
2025-11-15,Delhi,28.6139,77.209,215.8,89.7,175.6,447.3,18.8,46.7,4.7
2025-11-16,Delhi,28.6139,77.209,162.8,67.9,124.6,445.3,24.8,43.7,5.0
2025-11-17,Delhi,28.6139,77.209,250.8,114.9,201.8,470.0,25.5,58.4,5.4
2025-11-18,Delhi,28.6139,77.209,140.4,55.2,116.6,416.9,28.7,56.2,4.5
2025-11-19,Delhi,28.6139,77.209,168.2,75.3,139.5,437.5,29.9,39.7,4.5
2025-11-20,Delhi,28.6139,77.209,126.1,58.0,92.3,404.7,10.3,44.7,1.7
2025-11-21,Delhi,28.6139,77.209,140.8,60.8,100.2,411.5,26.1,54.3,5.4
2025-11-22,Delhi,28.6139,77.209,211.8,104.5,165.3,440.9,28.7,32.5,2.3
2025-11-23,Delhi,28.6139,77.209,184.7,75.6,152.1,430.1,24.3,56.8,3.0
2025-11-24,Delhi,28.6139,77.209,213.6,99.7,161.0,456.8,25.7,29.1,0.5
2025-11-25,Delhi,28.6139,77.209,184.7,81.9,140.7,431.3,23.1,62.3,4.9
2025-11-26,Delhi,28.6139,77.209,194.9,86.6,163.9,450.9,17.6,39.5,3.0
2025-11-27,Delhi,28.6139,77.209,173.8,82.5,137.2,441.3,20.9,45.9,3.9
2025-11-28,Delhi,28.6139,77.209,198.4,89.5,154.4,459.4,20.8,66.0,2.1
2025-11-29,Delhi,28.6139,77.209,182.4,76.4,157.3,450.3,21.6,62.5,3.1
2025-11-30,Delhi,28.6139,77.209,190.0,84.5,141.8,454.4,22.6,45.7,3.9
2025-12-01,Delhi,28.6139,77.209,168.5,73.2,131.5,429.1,20.8,64.8,2.0
2025-12-02,Delhi,28.6139,77.209,186.5,81.2,142.6,456.7,26.2,47.0,0.5
2025-12-03,Delhi,28.6139,77.209,177.0,77.8,140.6,440.9,21.4,56.8,3.8
2025-12-04,Delhi,28.6139,77.209,120.0,43.9,78.8,410.4,22.4,49.0,6.7
2025-12-05,Delhi,28.6139,77.209,254.1,112.4,199.0,475.2,22.8,48.6,1.9
2025-12-06,Delhi,28.6139,77.209,205.1,92.1,160.1,452.0,12.0,42.6,2.0
2025-12-07,Delhi,28.6139,77.209,207.7,90.3,166.9,467.0,18.8,45.2,2.9
2025-12-08,Delhi,28.6139,77.209,157.8,73.4,134.0,442.1,27.7,42.9,0.5
2025-12-09,Delhi,28.6139,77.209,210.9,90.2,153.4,455.6,24.7,49.5,5.6
2025-12-10,Delhi,28.6139,77.209,192.8,89.0,142.8,464.9,19.3,42.8,4.4
2025-12-11,Delhi,28.6139,77.209,170.8,77.8,129.9,444.6,28.2,58.5,4.1
2025-12-12,Delhi,28.6139,77.209,186.1,86.5,152.2,439.4,22.5,63.8,2.0
2025-12-13,Delhi,28.6139,77.209,145.6,68.4,118.2,420.2,22.7,64.9,0.5
2025-12-14,Delhi,28.6139,77.209,234.0,111.6,168.2,479.4,23.8,50.1,6.2
2025-12-15,Delhi,28.6139,77.209,193.5,81.3,153.7,471.9,23.9,55.4,3.0
2025-12-16,Delhi,28.6139,77.209,162.2,76.9,119.3,435.4,25.3,63.8,2.0
2025-12-17,Delhi,28.6139,77.209,171.1,80.9,137.1,430.3,26.4,43.6,3.3
2025-12-18,Delhi,28.6139,77.209,203.6,87.9,160.0,437.3,28.2,38.9,4.7
2025-12-19,Delhi,28.6139,77.209,186.4,88.5,140.3,451.3,21.9,37.4,3.9
2025-12-20,Delhi,28.6139,77.209,166.6,71.9,129.1,440.8,10.8,44.6,1.0
2025-12-21,Delhi,28.6139,77.209,159.7,72.2,115.2,420.4,24.0,34.6,3.1
2025-12-22,Delhi,28.6139,77.209,201.7,93.9,154.6,428.6,28.4,33.1,3.6
2025-12-23,Delhi,28.6139,77.209,188.4,71.5,149.7,454.4,22.3,44.0,2.7
2025-12-24,Delhi,28.6139,77.209,218.7,94.5,173.2,458.3,18.7,77.0,4.3
2025-12-25,Delhi,28.6139,77.209,165.3,77.4,120.4,419.8,23.4,43.7,7.5
2025-12-26,Delhi,28.6139,77.209,206.6,97.3,154.3,450.0,25.2,54.0,4.1
2025-12-27,Delhi,28.6139,77.209,172.8,86.1,132.2,436.4,25.3,57.1,5.0
2025-12-28,Delhi,28.6139,77.209,175.5,81.3,146.4,434.6,20.7,55.2,5.6
2025-12-29,Delhi,28.6139,77.209,210.0,96.1,161.8,447.3,22.7,59.2,6.0
2025-12-30,Delhi,28.6139,77.209,142.5,63.2,119.2,441.3,20.6,68.4,1.4
2025-12-31,Delhi,28.6139,77.209,190.9,79.1,148.5,447.0,21.6,61.0,5.5
2026-01-01,Delhi,28.6139,77.209,183.0,78.4,138.6,447.1,12.5,37.8,4.0
2026-01-02,Delhi,28.6139,77.209,197.3,84.5,161.7,456.9,23.2,45.7,5.8
2026-01-03,Delhi,28.6139,77.209,172.5,70.0,133.0,435.6,24.2,28.1,1.4
2026-01-04,Delhi,28.6139,77.209,152.6,71.0,113.2,416.3,17.0,57.7,4.4
2026-01-05,Delhi,28.6139,77.209,156.0,68.6,117.4,422.0,23.0,50.7,3.3
2026-01-06,Delhi,28.6139,77.209,125.4,54.0,90.0,419.4,23.7,70.7,5.5
2026-01-07,Delhi,28.6139,77.209,204.4,99.2,163.9,448.9,26.4,44.5,5.5
2026-01-08,Delhi,28.6139,77.209,193.2,85.5,160.2,442.3,20.9,45.7,1.3
2026-01-09,Delhi,28.6139,77.209,171.1,76.7,134.5,431.7,22.3,46.0,2.1
2026-01-10,Delhi,28.6139,77.209,172.5,79.2,137.7,444.5,24.4,51.7,5.7
2026-01-11,Delhi,28.6139,77.209,174.7,71.7,138.1,435.9,23.8,29.4,6.5
2025-07-16,Mumbai,19.076,72.8777,74.6,32.9,46.2,390.5,22.5,58.7,5.1
2025-07-17,Mumbai,19.076,72.8777,32.3,20.0,19.5,362.2,28.6,75.0,6.9
2025-07-18,Mumbai,19.076,72.8777,80.8,39.5,51.9,413.2,26.7,66.1,2.8
2025-07-19,Mumbai,19.076,72.8777,118.7,60.3,75.7,402.3,31.4,89.5,7.1
2025-07-20,Mumbai,19.076,72.8777,117.7,50.6,84.7,403.9,31.6,78.3,5.0
2025-07-21,Mumbai,19.076,72.8777,74.0,25.9,65.5,378.8,30.5,84.8,0.6
2025-07-22,Mumbai,19.076,72.8777,95.1,48.7,85.3,394.8,23.7,93.1,3.2
2025-07-23,Mumbai,19.076,72.8777,90.0,30.6,74.3,384.3,37.0,65.6,2.1
2025-07-24,Mumbai,19.076,72.8777,101.7,47.5,85.5,388.6,25.9,68.2,2.7
2025-07-25,Mumbai,19.076,72.8777,138.9,58.4,109.1,414.5,32.3,90.3,3.4
2025-07-26,Mumbai,19.076,72.8777,81.4,37.0,71.9,391.9,29.7,68.5,3.8
2025-07-27,Mumbai,19.076,72.8777,127.8,60.1,101.8,409.9,39.8,61.5,1.5
2025-07-28,Mumbai,19.076,72.8777,105.8,49.9,94.4,401.6,30.2,79.0,4.8
2025-07-29,Mumbai,19.076,72.8777,82.2,36.7,72.1,390.9,28.7,67.2,2.5
2025-07-30,Mumbai,19.076,72.8777,92.8,38.9,73.0,402.1,32.5,67.5,3.9
2025-07-31,Mumbai,19.076,72.8777,106.3,52.3,86.0,410.8,28.8,67.8,3.6
2025-08-01,Mumbai,19.076,72.8777,100.6,44.7,80.4,398.2,28.9,78.0,4.3
2025-08-02,Mumbai,19.076,72.8777,117.4,48.2,98.6,400.0,28.5,74.4,2.2
2025-08-03,Mumbai,19.076,72.8777,64.1,29.6,72.3,395.3,31.4,68.3,0.5
2025-08-04,Mumbai,19.076,72.8777,89.6,49.7,56.7,388.6,29.9,67.3,2.7
2025-08-05,Mumbai,19.076,72.8777,65.9,26.1,59.1,383.6,33.7,67.2,3.3
2025-08-06,Mumbai,19.076,72.8777,74.8,47.2,71.8,381.4,28.1,73.6,4.4
2025-08-07,Mumbai,19.076,72.8777,127.3,55.2,102.0,412.5,26.8,80.4,2.1
2025-08-08,Mumbai,19.076,72.8777,96.4,44.5,72.4,416.6,25.6,61.4,3.3
2025-08-09,Mumbai,19.076,72.8777,124.9,47.5,121.4,421.1,28.4,68.1,2.1
2025-08-10,Mumbai,19.076,72.8777,101.1,46.9,86.6,398.2,34.6,72.3,1.9
2025-08-11,Mumbai,19.076,72.8777,109.9,48.9,99.9,389.7,30.3,62.4,4.8
2025-08-12,Mumbai,19.076,72.8777,119.2,52.0,87.8,398.2,33.4,67.6,4.2
2025-08-13,Mumbai,19.076,72.8777,75.6,38.6,59.0,379.2,31.6,78.4,4.0
2025-08-14,Mumbai,19.076,72.8777,118.9,53.7,99.5,408.8,33.4,68.7,3.6
2025-08-15,Mumbai,19.076,72.8777,97.7,44.4,74.5,390.7,26.6,102.3,5.7
2025-08-16,Mumbai,19.076,72.8777,90.8,39.8,84.3,401.2,32.6,85.6,4.2
2025-08-17,Mumbai,19.076,72.8777,111.4,47.3,88.3,392.9,29.6,81.6,3.9
2025-08-18,Mumbai,19.076,72.8777,110.8,57.1,80.3,390.0,27.9,74.8,3.5
2025-08-19,Mumbai,19.076,72.8777,131.8,60.7,95.7,428.4,31.6,85.5,6.8
2025-08-20,Mumbai,19.076,72.8777,86.2,42.5,61.2,389.2,31.5,70.8,5.4
2025-08-21,Mumbai,19.076,72.8777,114.2,57.6,90.2,404.8,29.4,80.7,2.2
2025-08-22,Mumbai,19.076,72.8777,69.4,30.8,63.0,389.1,25.7,80.7,5.9
2025-08-23,Mumbai,19.076,72.8777,106.1,55.1,86.0,395.9,28.1,73.3,5.1
2025-08-24,Mumbai,19.076,72.8777,108.0,53.2,78.2,411.1,30.9,84.0,3.4
2025-08-25,Mumbai,19.076,72.8777,84.3,34.7,71.3,397.4,29.3,87.3,3.5
2025-08-26,Mumbai,19.076,72.8777,66.0,32.1,61.1,382.5,24.6,61.4,2.8
2025-08-27,Mumbai,19.076,72.8777,129.3,68.7,96.7,406.6,29.9,67.6,3.9
2025-08-28,Mumbai,19.076,72.8777,96.1,44.1,78.1,409.4,28.5,76.8,3.2
2025-08-29,Mumbai,19.076,72.8777,129.0,63.7,102.9,406.5,29.8,65.9,3.1
2025-08-30,Mumbai,19.076,72.8777,83.8,35.8,53.3,382.1,33.8,78.8,7.8
2025-08-31,Mumbai,19.076,72.8777,102.4,49.7,82.1,406.2,28.1,63.0,2.5
2025-09-01,Mumbai,19.076,72.8777,130.7,60.3,94.0,404.7,23.1,68.3,3.7
2025-09-02,Mumbai,19.076,72.8777,42.8,25.4,40.1,354.9,29.1,41.9,4.3
2025-09-03,Mumbai,19.076,72.8777,107.7,38.1,87.6,411.5,25.9,54.0,3.1
2025-09-04,Mumbai,19.076,72.8777,67.1,33.9,55.9,391.9,29.5,64.1,3.2
2025-09-05,Mumbai,19.076,72.8777,104.7,43.6,84.1,391.5,27.0,79.0,6.1
2025-09-06,Mumbai,19.076,72.8777,129.8,57.2,104.3,415.0,29.7,62.4,3.3
2025-09-07,Mumbai,19.076,72.8777,106.0,45.0,80.0,405.7,29.6,54.8,4.8
2025-09-08,Mumbai,19.076,72.8777,124.4,61.6,94.9,410.4,25.2,61.7,4.6
2025-09-09,Mumbai,19.076,72.8777,100.4,39.9,75.4,413.9,26.0,68.0,0.9
2025-09-10,Mumbai,19.076,72.8777,75.1,23.2,54.6,388.7,32.5,86.0,5.3
2025-09-11,Mumbai,19.076,72.8777,97.7,47.2,82.7,405.8,29.0,54.2,2.3
2025-09-12,Mumbai,19.076,72.8777,101.0,43.2,76.3,403.8,25.9,59.1,3.3
2025-09-13,Mumbai,19.076,72.8777,116.3,58.7,100.5,400.7,32.3,77.9,5.8
2025-09-14,Mumbai,19.076,72.8777,121.3,62.0,90.6,413.1,24.8,62.9,4.8
2025-09-15,Mumbai,19.076,72.8777,102.0,46.0,95.3,406.3,27.6,70.0,3.3
2025-09-16,Mumbai,19.076,72.8777,76.4,36.0,49.0,383.0,28.5,66.7,1.3
2025-09-17,Mumbai,19.076,72.8777,91.9,38.9,78.1,385.3,29.9,50.7,5.1
2025-09-18,Mumbai,19.076,72.8777,92.5,34.9,74.3,377.1,31.6,64.4,5.3
2025-09-19,Mumbai,19.076,72.8777,77.0,41.3,50.6,401.0,33.4,53.3,2.6
2025-09-20,Mumbai,19.076,72.8777,83.6,47.9,78.5,380.2,26.3,56.0,2.8
2025-09-21,Mumbai,19.076,72.8777,87.7,38.4,65.7,389.8,29.5,66.6,1.4
2025-09-22,Mumbai,19.076,72.8777,88.0,41.6,75.8,396.4,29.4,73.7,3.0
2025-09-23,Mumbai,19.076,72.8777,105.6,51.1,84.1,416.7,28.5,63.1,2.2
2025-09-24,Mumbai,19.076,72.8777,59.2,26.5,52.8,393.4,29.2,64.5,4.3
2025-09-25,Mumbai,19.076,72.8777,83.7,33.9,57.7,402.1,29.0,44.2,4.0
2025-09-26,Mumbai,19.076,72.8777,87.1,45.7,66.7,387.6,29.4,72.8,4.5
2025-09-27,Mumbai,19.076,72.8777,146.2,60.4,120.7,427.5,32.2,67.5,6.3
2025-09-28,Mumbai,19.076,72.8777,151.7,68.9,129.3,429.3,26.8,64.0,3.7
2025-09-29,Mumbai,19.076,72.8777,97.4,41.3,85.9,387.9,34.7,45.9,3.6
2025-09-30,Mumbai,19.076,72.8777,80.2,41.7,66.7,378.7,29.9,63.3,1.2
2025-10-01,Mumbai,19.076,72.8777,182.1,80.8,144.6,433.3,24.0,57.6,3.6
2025-10-02,Mumbai,19.076,72.8777,167.6,72.0,142.0,419.8,29.5,87.3,1.6
2025-10-03,Mumbai,19.076,72.8777,139.9,55.8,108.8,417.3,31.8,74.2,3.8
2025-10-04,Mumbai,19.076,72.8777,147.6,65.8,112.2,426.8,32.2,61.4,2.6
2025-10-05,Mumbai,19.076,72.8777,73.7,27.9,66.2,390.2,32.0,81.3,3.2
2025-10-06,Mumbai,19.076,72.8777,104.6,46.9,81.0,395.6,23.2,47.2,4.8
2025-10-07,Mumbai,19.076,72.8777,155.2,72.4,122.8,421.3,27.4,39.3,2.2
2025-10-08,Mumbai,19.076,72.8777,113.4,45.7,102.8,401.4,29.3,62.9,3.4
2025-10-09,Mumbai,19.076,72.8777,124.7,57.2,77.6,404.3,30.1,59.4,3.4
2025-10-10,Mumbai,19.076,72.8777,189.8,86.8,157.5,445.0,33.1,58.1,2.3
2025-10-11,Mumbai,19.076,72.8777,110.2,47.7,92.6,396.0,28.8,59.7,3.8
2025-10-12,Mumbai,19.076,72.8777,112.7,47.3,74.1,409.9,26.8,66.1,5.3
2025-10-13,Mumbai,19.076,72.8777,101.9,49.3,79.3,396.8,33.5,63.0,2.2
2025-10-14,Mumbai,19.076,72.8777,159.3,63.5,125.0,424.3,28.9,55.3,1.6
2025-10-15,Mumbai,19.076,72.8777,143.5,65.9,131.0,426.2,25.7,69.9,2.6
2025-10-16,Mumbai,19.076,72.8777,109.3,54.2,92.6,408.7,26.5,67.9,5.5
2025-10-17,Mumbai,19.076,72.8777,124.6,59.3,107.2,399.1,24.0,52.3,3.4
2025-10-18,Mumbai,19.076,72.8777,136.0,65.1,101.4,429.2,33.5,62.4,4.7
2025-10-19,Mumbai,19.076,72.8777,101.9,42.1,89.5,410.1,31.1,69.7,3.3
2025-10-20,Mumbai,19.076,72.8777,115.4,51.9,99.2,402.7,28.6,69.4,2.5
2025-10-21,Mumbai,19.076,72.8777,103.5,49.9,74.5,396.3,31.4,64.9,2.1
2025-10-22,Mumbai,19.076,72.8777,92.0,42.3,69.8,397.3,31.6,73.3,3.3
2025-10-23,Mumbai,19.076,72.8777,149.8,68.1,130.9,441.1,29.6,72.8,3.9
2025-10-24,Mumbai,19.076,72.8777,125.5,52.0,86.7,409.9,30.9,56.0,3.0
2025-10-25,Mumbai,19.076,72.8777,118.4,53.1,85.9,403.9,29.1,72.3,1.8
2025-10-26,Mumbai,19.076,72.8777,91.3,35.2,69.1,391.9,27.0,76.6,5.0
2025-10-27,Mumbai,19.076,72.8777,97.4,43.7,74.2,412.1,23.9,56.4,2.9
2025-10-28,Mumbai,19.076,72.8777,105.9,45.0,73.4,392.3,25.2,69.7,2.6
2025-10-29,Mumbai,19.076,72.8777,137.1,66.0,102.4,418.3,30.7,72.1,1.8
2025-10-30,Mumbai,19.076,72.8777,144.7,54.6,118.1,431.4,26.0,80.8,3.1
2025-10-31,Mumbai,19.076,72.8777,100.1,46.2,80.1,394.9,30.4,54.0,2.5
2025-11-01,Mumbai,19.076,72.8777,224.5,99.7,160.3,462.0,16.8,37.3,4.5
2025-11-02,Mumbai,19.076,72.8777,222.6,92.5,177.9,462.8,18.2,54.7,5.0
2025-11-03,Mumbai,19.076,72.8777,184.9,85.5,138.6,435.4,18.7,48.4,4.0
2025-11-04,Mumbai,19.076,72.8777,155.7,70.3,119.9,434.7,25.2,44.5,3.9
2025-11-05,Mumbai,19.076,72.8777,163.6,70.9,116.2,436.7,16.7,71.2,3.1
2025-11-06,Mumbai,19.076,72.8777,234.8,103.7,188.0,462.7,28.1,69.2,4.0
2025-11-07,Mumbai,19.076,72.8777,231.6,97.6,177.5,477.7,19.9,53.7,2.3
2025-11-08,Mumbai,19.076,72.8777,186.0,84.4,161.9,445.3,22.1,52.2,3.1
2025-11-09,Mumbai,19.076,72.8777,198.2,91.2,141.0,478.6,22.2,50.7,4.7
2025-11-10,Mumbai,19.076,72.8777,132.9,66.8,101.4,417.7,12.9,32.3,2.1
2025-11-11,Mumbai,19.076,72.8777,237.3,108.1,176.9,470.3,18.5,70.8,3.9
2025-11-12,Mumbai,19.076,72.8777,171.3,77.7,136.8,423.1,22.3,47.8,4.3
2025-11-13,Mumbai,19.076,72.8777,228.0,108.1,161.3,468.9,13.0,46.5,3.5
2025-11-14,Mumbai,19.076,72.8777,177.3,88.1,135.9,448.8,14.2,50.9,4.3
2025-11-15,Mumbai,19.076,72.8777,129.1,56.4,95.3,412.5,20.3,45.1,3.6
2025-11-16,Mumbai,19.076,72.8777,181.5,80.3,135.2,454.7,21.6,46.7,4.4
2025-11-17,Mumbai,19.076,72.8777,134.4,59.8,100.2,429.4,20.0,66.7,4.4
2025-11-18,Mumbai,19.076,72.8777,151.0,60.6,108.4,441.1,32.6,64.2,4.0
2025-11-19,Mumbai,19.076,72.8777,158.1,69.6,127.9,441.6,18.6,26.1,3.6
2025-11-20,Mumbai,19.076,72.8777,197.4,92.6,167.7,447.7,22.0,44.5,2.1
2025-11-21,Mumbai,19.076,72.8777,175.2,69.8,148.3,419.1,23.3,44.2,5.3
2025-11-22,Mumbai,19.076,72.8777,253.6,113.0,203.5,475.7,16.9,39.3,2.6
2025-11-23,Mumbai,19.076,72.8777,191.6,89.0,156.6,438.4,20.8,55.9,1.6
2025-11-24,Mumbai,19.076,72.8777,225.8,108.4,174.8,466.5,18.0,42.0,4.5
2025-11-25,Mumbai,19.076,72.8777,197.9,82.5,144.1,465.6,21.8,51.3,1.3
2025-11-26,Mumbai,19.076,72.8777,180.6,75.4,152.9,420.1,18.0,29.1,1.4
2025-11-27,Mumbai,19.076,72.8777,188.8,82.9,137.2,449.8,25.0,31.0,3.5
2025-11-28,Mumbai,19.076,72.8777,155.4,75.7,120.6,434.6,18.0,51.4,4.0
2025-11-29,Mumbai,19.076,72.8777,160.4,73.2,128.7,429.7,22.0,68.9,2.0
2025-11-30,Mumbai,19.076,72.8777,154.6,65.9,116.6,433.1,20.5,51.2,3.9
2025-12-01,Mumbai,19.076,72.8777,190.1,80.0,156.7,437.9,32.4,64.9,2.6
2025-12-02,Mumbai,19.076,72.8777,226.2,103.8,157.0,460.6,29.3,40.0,4.0
2025-12-03,Mumbai,19.076,72.8777,160.1,76.2,138.3,415.5,14.6,49.4,4.6
2025-12-04,Mumbai,19.076,72.8777,200.7,93.0,157.8,445.5,16.9,53.1,2.5
2025-12-05,Mumbai,19.076,72.8777,189.2,86.6,136.7,440.3,24.7,54.9,4.2
2025-12-06,Mumbai,19.076,72.8777,220.7,101.0,174.1,478.4,15.9,55.2,2.2
2025-12-07,Mumbai,19.076,72.8777,187.0,79.8,152.0,438.7,20.1,55.0,3.6
2025-12-08,Mumbai,19.076,72.8777,138.0,59.2,101.4,422.3,25.7,76.2,6.0
2025-12-09,Mumbai,19.076,72.8777,136.0,61.9,116.0,418.5,19.7,61.5,0.5
2025-12-10,Mumbai,19.076,72.8777,166.9,64.5,120.3,439.7,20.0,55.8,3.5
2025-12-11,Mumbai,19.076,72.8777,175.8,76.3,130.4,437.3,16.7,53.7,3.5
2025-12-12,Mumbai,19.076,72.8777,178.8,78.3,148.5,431.4,25.7,50.1,2.1
2025-12-13,Mumbai,19.076,72.8777,179.1,83.1,138.4,432.7,18.8,43.2,6.3
2025-12-14,Mumbai,19.076,72.8777,151.2,74.0,108.9,418.0,22.9,45.6,3.8
2025-12-15,Mumbai,19.076,72.8777,203.3,93.5,161.7,455.8,24.5,50.4,4.5
2025-12-16,Mumbai,19.076,72.8777,195.5,86.9,155.2,435.7,26.0,55.5,3.1
2025-12-17,Mumbai,19.076,72.8777,161.5,74.2,118.2,427.0,19.3,69.3,6.0
2025-12-18,Mumbai,19.076,72.8777,195.9,93.1,158.7,448.9,30.3,51.1,4.5
2025-12-19,Mumbai,19.076,72.8777,203.0,94.6,150.0,459.8,26.2,52.0,2.8
2025-12-20,Mumbai,19.076,72.8777,129.5,62.3,95.3,416.5,19.9,45.6,0.9
2025-12-21,Mumbai,19.076,72.8777,183.7,83.1,140.7,443.0,20.1,52.6,4.7
2025-12-22,Mumbai,19.076,72.8777,190.4,84.2,152.9,431.0,23.7,48.9,5.4
2025-12-23,Mumbai,19.076,72.8777,143.7,63.1,112.6,436.9,24.6,50.1,2.0
2025-12-24,Mumbai,19.076,72.8777,130.4,58.6,100.3,426.4,17.5,31.1,3.1
2025-12-25,Mumbai,19.076,72.8777,125.2,54.6,87.7,430.0,24.5,47.4,3.5
2025-12-26,Mumbai,19.076,72.8777,200.7,88.7,163.0,439.0,14.0,55.3,3.4
2025-12-27,Mumbai,19.076,72.8777,156.9,67.9,138.9,426.2,19.1,38.9,1.0
2025-12-28,Mumbai,19.076,72.8777,177.9,85.9,128.9,453.1,17.2,63.6,4.7
2025-12-29,Mumbai,19.076,72.8777,244.2,106.0,186.8,477.4,26.8,41.0,6.9
2025-12-30,Mumbai,19.076,72.8777,157.7,66.7,122.8,429.0,20.5,53.7,0.5
2025-12-31,Mumbai,19.076,72.8777,90.5,47.5,59.1,403.8,24.1,50.0,4.6
2026-01-01,Mumbai,19.076,72.8777,177.9,71.1,154.2,457.3,15.0,48.6,3.6
2026-01-02,Mumbai,19.076,72.8777,222.9,100.1,177.9,462.5,28.2,41.1,2.7
2026-01-03,Mumbai,19.076,72.8777,143.8,70.6,105.3,428.4,22.4,26.7,3.5
2026-01-04,Mumbai,19.076,72.8777,207.8,91.1,156.0,459.1,25.4,41.9,1.8
2026-01-05,Mumbai,19.076,72.8777,167.9,76.4,141.0,429.8,21.6,35.0,4.0
2026-01-06,Mumbai,19.076,72.8777,223.6,101.5,175.1,459.0,25.2,41.2,4.8
2026-01-07,Mumbai,19.076,72.8777,191.4,82.2,157.2,446.9,10.3,55.6,3.9
2026-01-08,Mumbai,19.076,72.8777,161.4,79.7,123.7,429.2,24.3,51.2,2.7
2026-01-09,Mumbai,19.076,72.8777,195.2,90.0,163.2,452.0,23.6,46.7,5.3
2026-01-10,Mumbai,19.076,72.8777,193.4,79.4,146.1,425.0,21.8,37.9,1.6
2026-01-11,Mumbai,19.076,72.8777,216.4,98.5,166.7,451.4,23.8,58.5,3.6
2025-07-16,Bangalore,12.9716,77.5946,93.3,45.8,64.9,379.0,32.4,76.9,2.2
2025-07-17,Bangalore,12.9716,77.5946,111.3,53.5,90.2,423.9,31.8,65.0,4.0
2025-07-18,Bangalore,12.9716,77.5946,98.2,40.8,75.9,391.4,33.4,65.9,3.8
2025-07-19,Bangalore,12.9716,77.5946,105.5,50.0,76.7,405.2,28.5,77.8,4.9
2025-07-20,Bangalore,12.9716,77.5946,75.5,32.4,59.5,378.5,25.8,63.3,4.9
2025-07-21,Bangalore,12.9716,77.5946,93.4,44.6,67.7,414.5,30.5,76.3,0.9
2025-07-22,Bangalore,12.9716,77.5946,118.0,54.0,99.1,399.2,29.3,77.8,0.5
2025-07-23,Bangalore,12.9716,77.5946,114.3,48.5,88.6,404.1,35.6,67.3,1.2
2025-07-24,Bangalore,12.9716,77.5946,84.7,39.2,72.8,403.1,32.9,82.6,3.8
2025-07-25,Bangalore,12.9716,77.5946,95.6,48.0,82.9,394.1,27.4,62.9,3.3
2025-07-26,Bangalore,12.9716,77.5946,80.7,30.5,68.1,404.8,30.4,79.1,4.1
2025-07-27,Bangalore,12.9716,77.5946,61.4,20.4,41.6,369.0,28.8,74.9,2.6
2025-07-28,Bangalore,12.9716,77.5946,116.1,48.3,101.7,420.4,32.0,69.2,5.2
2025-07-29,Bangalore,12.9716,77.5946,81.7,37.8,52.6,384.2,30.1,72.0,2.5
2025-07-30,Bangalore,12.9716,77.5946,112.5,53.5,83.2,407.3,23.2,83.3,2.8
2025-07-31,Bangalore,12.9716,77.5946,80.7,42.5,78.1,388.5,23.9,71.0,0.5
2025-08-01,Bangalore,12.9716,77.5946,80.1,32.8,60.3,392.1,30.1,56.3,0.9
2025-08-02,Bangalore,12.9716,77.5946,100.7,39.8,69.4,410.0,31.5,67.0,4.3
2025-08-03,Bangalore,12.9716,77.5946,104.7,48.3,89.6,403.5,34.0,52.5,3.2
2025-08-04,Bangalore,12.9716,77.5946,74.8,37.7,74.5,392.2,29.8,93.3,5.3
2025-08-05,Bangalore,12.9716,77.5946,112.0,56.8,93.0,392.8,26.6,74.1,1.0
2025-08-06,Bangalore,12.9716,77.5946,91.7,47.3,76.6,389.4,23.0,72.5,2.8
2025-08-07,Bangalore,12.9716,77.5946,88.8,37.6,69.2,388.9,27.8,80.3,4.9
2025-08-08,Bangalore,12.9716,77.5946,57.7,22.3,59.8,372.3,24.6,76.7,4.4
2025-08-09,Bangalore,12.9716,77.5946,96.0,41.7,64.8,383.1,30.0,81.6,4.2
2025-08-10,Bangalore,12.9716,77.5946,113.2,53.7,87.2,410.2,31.4,78.7,1.8
2025-08-11,Bangalore,12.9716,77.5946,86.9,38.8,76.8,392.3,33.5,76.7,2.5
2025-08-12,Bangalore,12.9716,77.5946,87.5,44.0,72.0,395.5,31.9,57.2,4.3
2025-08-13,Bangalore,12.9716,77.5946,86.7,49.5,72.0,386.4,31.7,83.7,5.3
2025-08-14,Bangalore,12.9716,77.5946,76.6,38.7,49.5,372.1,24.4,69.2,3.1
2025-08-15,Bangalore,12.9716,77.5946,75.8,25.9,56.1,386.3,26.2,79.5,4.2
2025-08-16,Bangalore,12.9716,77.5946,129.6,51.7,114.3,412.6,28.1,58.2,6.1
2025-08-17,Bangalore,12.9716,77.5946,105.5,52.8,78.0,403.1,30.7,97.2,2.5
2025-08-18,Bangalore,12.9716,77.5946,81.8,33.5,52.3,383.6,26.5,61.5,4.7
2025-08-19,Bangalore,12.9716,77.5946,100.5,36.7,94.6,386.9,32.4,53.6,3.5
2025-08-20,Bangalore,12.9716,77.5946,115.2,52.7,78.8,411.1,29.1,67.5,3.3
2025-08-21,Bangalore,12.9716,77.5946,84.6,36.8,51.9,404.6,28.9,63.4,2.9
2025-08-22,Bangalore,12.9716,77.5946,86.5,40.8,74.2,404.7,32.1,87.0,6.6
2025-08-23,Bangalore,12.9716,77.5946,107.4,50.1,96.5,412.9,30.4,85.7,6.0
2025-08-24,Bangalore,12.9716,77.5946,98.6,51.6,79.7,402.4,32.1,66.3,4.2
2025-08-25,Bangalore,12.9716,77.5946,95.7,41.5,64.8,381.7,29.5,93.6,1.3
2025-08-26,Bangalore,12.9716,77.5946,83.8,33.0,63.2,378.6,35.0,76.8,2.7
2025-08-27,Bangalore,12.9716,77.5946,80.8,33.1,60.1,385.1,32.3,74.6,2.6
2025-08-28,Bangalore,12.9716,77.5946,86.6,49.2,78.0,401.0,24.8,70.7,3.1
2025-08-29,Bangalore,12.9716,77.5946,116.5,51.1,95.4,394.4,34.5,89.8,6.1
2025-08-30,Bangalore,12.9716,77.5946,101.1,39.1,82.3,401.0,29.7,77.3,1.2
2025-08-31,Bangalore,12.9716,77.5946,116.1,57.1,84.4,396.4,29.5,76.3,2.3
2025-09-01,Bangalore,12.9716,77.5946,102.7,50.2,77.8,413.7,28.3,53.0,2.7
2025-09-02,Bangalore,12.9716,77.5946,103.2,39.7,88.8,410.1,27.4,58.4,3.3
2025-09-03,Bangalore,12.9716,77.5946,87.7,39.0,58.3,377.1,31.1,61.2,3.3
2025-09-04,Bangalore,12.9716,77.5946,119.0,49.3,90.3,397.8,28.6,75.2,3.4
2025-09-05,Bangalore,12.9716,77.5946,113.0,51.5,71.9,393.7,27.8,56.3,3.9
2025-09-06,Bangalore,12.9716,77.5946,133.5,53.4,106.0,441.0,27.2,72.5,4.8
2025-09-07,Bangalore,12.9716,77.5946,116.4,62.3,99.7,423.9,26.5,67.5,4.4
2025-09-08,Bangalore,12.9716,77.5946,98.0,46.8,67.4,406.4,24.6,67.1,1.9
2025-09-09,Bangalore,12.9716,77.5946,93.6,33.5,89.9,402.3,27.1,61.3,4.0
2025-09-10,Bangalore,12.9716,77.5946,135.3,63.3,106.2,420.6,25.4,64.6,5.4
2025-09-11,Bangalore,12.9716,77.5946,102.6,48.7,73.9,379.7,31.7,73.5,4.0
2025-09-12,Bangalore,12.9716,77.5946,112.0,45.9,101.1,417.8,27.5,78.2,4.7
2025-09-13,Bangalore,12.9716,77.5946,103.6,34.6,95.4,412.9,24.4,80.5,3.3
2025-09-14,Bangalore,12.9716,77.5946,142.1,55.5,109.4,411.7,37.6,63.8,2.2
2025-09-15,Bangalore,12.9716,77.5946,64.6,23.0,55.7,364.6,29.3,74.1,3.4
2025-09-16,Bangalore,12.9716,77.5946,81.6,45.7,64.9,380.3,25.1,67.5,5.0
2025-09-17,Bangalore,12.9716,77.5946,114.8,59.0,79.5,424.4,27.9,64.4,2.8
2025-09-18,Bangalore,12.9716,77.5946,107.8,43.3,87.0,403.3,29.7,49.6,4.2
2025-09-19,Bangalore,12.9716,77.5946,88.3,44.7,57.6,387.6,32.6,53.1,4.1
2025-09-20,Bangalore,12.9716,77.5946,88.6,22.7,62.1,394.1,26.6,70.8,6.7
2025-09-21,Bangalore,12.9716,77.5946,102.1,36.4,80.7,392.4,22.9,50.7,0.5
2025-09-22,Bangalore,12.9716,77.5946,111.1,55.2,92.9,406.7,26.7,55.8,4.3
2025-09-23,Bangalore,12.9716,77.5946,84.6,36.3,53.9,394.0,29.4,51.6,3.6
2025-09-24,Bangalore,12.9716,77.5946,82.7,38.7,61.7,370.4,29.7,48.6,2.8
2025-09-25,Bangalore,12.9716,77.5946,103.0,47.9,93.7,402.2,26.4,83.8,3.5
2025-09-26,Bangalore,12.9716,77.5946,81.5,35.7,53.1,364.0,30.4,72.9,1.7
2025-09-27,Bangalore,12.9716,77.5946,92.1,46.2,74.5,388.1,30.0,64.2,2.6
2025-09-28,Bangalore,12.9716,77.5946,94.1,46.0,81.9,385.7,30.6,62.2,4.3
2025-09-29,Bangalore,12.9716,77.5946,113.4,46.0,77.8,410.2,27.1,65.2,4.2
2025-09-30,Bangalore,12.9716,77.5946,135.8,54.5,111.6,407.1,32.0,66.4,1.4
2025-10-01,Bangalore,12.9716,77.5946,154.7,63.9,109.7,431.4,23.7,63.2,4.6
2025-10-02,Bangalore,12.9716,77.5946,152.1,64.9,123.6,421.1,29.4,84.0,4.1
2025-10-03,Bangalore,12.9716,77.5946,122.7,58.9,89.8,394.5,25.8,75.1,4.1
2025-10-04,Bangalore,12.9716,77.5946,144.4,72.1,107.8,434.9,28.1,64.7,4.3
2025-10-05,Bangalore,12.9716,77.5946,139.4,60.8,102.3,413.7,20.5,72.2,3.3
2025-10-06,Bangalore,12.9716,77.5946,119.5,54.0,84.7,421.6,26.1,65.8,4.7
2025-10-07,Bangalore,12.9716,77.5946,118.6,52.0,82.0,400.0,25.7,80.8,1.2
2025-10-08,Bangalore,12.9716,77.5946,166.9,65.8,120.8,444.5,21.8,69.7,6.2
2025-10-09,Bangalore,12.9716,77.5946,129.6,49.9,100.9,401.3,26.6,64.0,3.5
2025-10-10,Bangalore,12.9716,77.5946,119.2,57.5,90.8,422.3,27.8,70.8,4.3
2025-10-11,Bangalore,12.9716,77.5946,139.1,58.1,111.0,423.5,19.1,68.8,4.7
2025-10-12,Bangalore,12.9716,77.5946,118.9,53.4,93.5,406.4,30.0,77.7,4.5
2025-10-13,Bangalore,12.9716,77.5946,129.4,55.7,110.8,427.4,27.1,66.3,3.2
2025-10-14,Bangalore,12.9716,77.5946,116.5,56.3,108.0,409.3,33.3,56.9,2.9
2025-10-15,Bangalore,12.9716,77.5946,138.9,55.7,119.4,417.2,25.7,50.1,4.4
2025-10-16,Bangalore,12.9716,77.5946,125.8,54.6,90.7,421.7,31.1,80.1,4.1
2025-10-17,Bangalore,12.9716,77.5946,145.6,63.7,119.8,415.6,26.5,59.6,4.4
2025-10-18,Bangalore,12.9716,77.5946,134.8,51.4,125.1,409.5,26.2,71.7,2.7
2025-10-19,Bangalore,12.9716,77.5946,116.8,47.0,87.4,403.4,26.3,81.3,1.3
2025-10-20,Bangalore,12.9716,77.5946,120.9,49.5,85.7,391.6,31.2,80.7,3.4
2025-10-21,Bangalore,12.9716,77.5946,161.9,73.6,126.6,435.7,29.5,71.7,2.8
2025-10-22,Bangalore,12.9716,77.5946,139.7,63.2,99.4,424.5,30.1,71.5,1.6
2025-10-23,Bangalore,12.9716,77.5946,130.9,59.6,102.9,425.6,31.2,79.3,6.1
2025-10-24,Bangalore,12.9716,77.5946,125.9,40.8,110.3,380.7,30.1,71.2,0.5
2025-10-25,Bangalore,12.9716,77.5946,159.2,73.8,120.4,426.2,26.5,64.8,1.2
2025-10-26,Bangalore,12.9716,77.5946,169.6,74.2,133.8,418.5,30.1,60.5,2.3
2025-10-27,Bangalore,12.9716,77.5946,135.3,61.7,111.9,422.9,25.0,78.1,4.3
2025-10-28,Bangalore,12.9716,77.5946,112.6,47.4,86.1,403.7,29.3,62.8,4.9
2025-10-29,Bangalore,12.9716,77.5946,125.1,57.8,99.2,415.4,21.2,74.4,5.0
2025-10-30,Bangalore,12.9716,77.5946,129.5,52.7,96.4,422.0,25.7,61.7,4.0
2025-10-31,Bangalore,12.9716,77.5946,157.8,70.2,116.2,438.4,25.3,53.7,3.5
2025-11-01,Bangalore,12.9716,77.5946,193.0,89.7,149.1,444.7,23.8,44.5,4.0
2025-11-02,Bangalore,12.9716,77.5946,186.7,86.9,143.0,448.5,21.9,46.5,6.9
2025-11-03,Bangalore,12.9716,77.5946,190.5,84.5,148.3,462.4,23.2,46.8,4.1
2025-11-04,Bangalore,12.9716,77.5946,226.9,99.2,176.6,460.4,20.7,36.8,3.0
2025-11-05,Bangalore,12.9716,77.5946,199.0,91.7,148.9,449.8,22.1,45.5,3.0
2025-11-06,Bangalore,12.9716,77.5946,193.0,85.0,152.4,445.1,20.7,54.2,3.9
2025-11-07,Bangalore,12.9716,77.5946,168.8,85.1,142.6,426.2,24.5,57.1,3.7
2025-11-08,Bangalore,12.9716,77.5946,181.1,79.4,142.6,432.7,28.5,37.4,2.2
2025-11-09,Bangalore,12.9716,77.5946,197.9,98.1,153.6,457.6,24.5,41.6,6.1
2025-11-10,Bangalore,12.9716,77.5946,164.5,79.9,122.2,428.5,29.7,46.4,3.5
2025-11-11,Bangalore,12.9716,77.5946,162.3,76.2,117.5,430.3,14.1,46.7,4.4
2025-11-12,Bangalore,12.9716,77.5946,206.4,101.2,165.3,456.0,23.2,56.4,2.4
2025-11-13,Bangalore,12.9716,77.5946,199.3,94.4,167.6,461.9,20.0,55.7,2.7
2025-11-14,Bangalore,12.9716,77.5946,205.7,98.8,164.6,454.0,14.9,47.4,6.9
2025-11-15,Bangalore,12.9716,77.5946,161.6,69.8,132.4,427.5,22.2,41.3,2.4
2025-11-16,Bangalore,12.9716,77.5946,241.6,106.5,188.1,468.7,23.3,55.6,1.7
2025-11-17,Bangalore,12.9716,77.5946,157.8,74.5,117.7,440.2,23.7,59.4,8.0
2025-11-18,Bangalore,12.9716,77.5946,92.2,39.6,76.2,399.3,22.8,69.5,0.5
2025-11-19,Bangalore,12.9716,77.5946,176.0,78.5,144.8,426.4,21.3,51.5,3.4
2025-11-20,Bangalore,12.9716,77.5946,114.4,56.3,83.2,414.9,21.4,52.2,2.0
2025-11-21,Bangalore,12.9716,77.5946,247.1,114.0,198.1,475.9,22.6,50.0,2.8
2025-11-22,Bangalore,12.9716,77.5946,173.1,75.5,130.2,431.3,23.0,51.7,4.1
2025-11-23,Bangalore,12.9716,77.5946,217.6,104.9,173.7,440.1,25.9,63.7,3.0
2025-11-24,Bangalore,12.9716,77.5946,154.4,63.8,120.8,442.0,31.5,57.5,4.7
2025-11-25,Bangalore,12.9716,77.5946,134.4,61.2,101.7,424.4,22.9,52.7,5.2
2025-11-26,Bangalore,12.9716,77.5946,164.0,68.8,123.6,442.6,24.1,66.9,3.6
2025-11-27,Bangalore,12.9716,77.5946,134.6,57.6,110.0,417.1,24.5,68.4,7.0
2025-11-28,Bangalore,12.9716,77.5946,144.0,70.9,113.2,431.0,25.6,41.2,3.6
2025-11-29,Bangalore,12.9716,77.5946,211.6,96.8,163.9,465.2,24.3,41.6,4.9
2025-11-30,Bangalore,12.9716,77.5946,213.9,90.9,175.5,468.3,21.4,43.5,3.7
2025-12-01,Bangalore,12.9716,77.5946,208.4,92.5,164.0,449.1,21.0,56.6,3.4
2025-12-02,Bangalore,12.9716,77.5946,161.5,79.2,125.3,425.6,15.9,56.3,5.4
2025-12-03,Bangalore,12.9716,77.5946,210.4,91.0,157.1,439.2,18.4,23.8,4.9
2025-12-04,Bangalore,12.9716,77.5946,148.8,66.7,110.6,424.3,20.3,23.3,5.4
2025-12-05,Bangalore,12.9716,77.5946,174.6,68.7,138.0,425.6,17.7,60.7,3.8
2025-12-06,Bangalore,12.9716,77.5946,211.1,95.0,154.7,461.4,22.4,49.2,5.4
2025-12-07,Bangalore,12.9716,77.5946,169.0,79.0,124.5,440.4,25.1,65.9,3.5
2025-12-08,Bangalore,12.9716,77.5946,167.1,76.2,130.4,445.6,11.9,45.6,3.5
2025-12-09,Bangalore,12.9716,77.5946,171.0,84.4,145.6,434.9,30.5,33.2,5.3
2025-12-10,Bangalore,12.9716,77.5946,175.2,76.7,131.4,431.0,23.3,65.8,2.8
2025-12-11,Bangalore,12.9716,77.5946,154.6,58.7,112.2,417.8,16.2,42.7,1.6
2025-12-12,Bangalore,12.9716,77.5946,213.7,104.2,159.1,461.5,19.0,56.0,1.7
2025-12-13,Bangalore,12.9716,77.5946,199.7,91.2,164.3,451.5,22.2,38.8,0.5
2025-12-14,Bangalore,12.9716,77.5946,127.5,51.2,90.7,398.1,20.9,53.0,2.3
2025-12-15,Bangalore,12.9716,77.5946,148.7,68.1,109.1,425.8,17.5,36.2,4.6
2025-12-16,Bangalore,12.9716,77.5946,198.2,87.3,148.5,456.0,20.1,41.2,3.6
2025-12-17,Bangalore,12.9716,77.5946,198.2,98.8,157.3,468.6,22.0,54.3,0.5
2025-12-18,Bangalore,12.9716,77.5946,179.3,81.6,145.7,434.4,22.3,54.1,4.0
2025-12-19,Bangalore,12.9716,77.5946,183.4,83.7,145.5,436.8,24.4,43.8,1.9
2025-12-20,Bangalore,12.9716,77.5946,208.2,97.4,157.3,459.8,24.7,76.0,5.5
2025-12-21,Bangalore,12.9716,77.5946,153.5,65.7,119.5,441.0,27.0,52.3,3.2
2025-12-22,Bangalore,12.9716,77.5946,173.0,83.7,140.2,438.9,20.3,49.7,4.4
2025-12-23,Bangalore,12.9716,77.5946,168.4,72.3,135.7,448.7,30.6,61.7,2.1
2025-12-24,Bangalore,12.9716,77.5946,197.9,91.6,161.0,453.0,18.8,46.2,4.9
2025-12-25,Bangalore,12.9716,77.5946,186.9,84.7,140.5,466.5,25.2,48.9,3.6
2025-12-26,Bangalore,12.9716,77.5946,142.2,64.1,106.5,410.5,24.1,43.8,4.0
2025-12-27,Bangalore,12.9716,77.5946,168.5,62.6,129.3,422.0,17.8,50.9,5.7
2025-12-28,Bangalore,12.9716,77.5946,252.1,114.2,201.7,476.0,27.1,46.1,4.5
2025-12-29,Bangalore,12.9716,77.5946,178.3,81.2,139.8,430.6,23.1,57.4,7.1
2025-12-30,Bangalore,12.9716,77.5946,201.9,89.5,153.7,463.0,21.5,40.9,1.7
2025-12-31,Bangalore,12.9716,77.5946,185.9,79.6,134.4,445.3,21.0,49.5,2.7
2026-01-01,Bangalore,12.9716,77.5946,184.6,75.7,135.6,445.4,24.2,35.2,2.8
2026-01-02,Bangalore,12.9716,77.5946,149.7,70.7,111.8,424.7,28.5,48.5,0.5
2026-01-03,Bangalore,12.9716,77.5946,191.9,82.7,132.4,447.6,18.2,49.7,5.7
2026-01-04,Bangalore,12.9716,77.5946,120.8,54.7,97.8,415.0,23.4,44.2,1.0
2026-01-05,Bangalore,12.9716,77.5946,147.9,72.4,109.8,421.6,18.4,66.9,3.0
2026-01-06,Bangalore,12.9716,77.5946,154.3,70.1,124.7,417.7,27.7,38.9,4.0
2026-01-07,Bangalore,12.9716,77.5946,215.4,98.6,162.9,455.5,22.1,50.9,2.6
2026-01-08,Bangalore,12.9716,77.5946,210.8,92.9,158.7,451.9,23.9,49.0,2.2
2026-01-09,Bangalore,12.9716,77.5946,166.2,79.1,122.0,443.8,22.8,40.0,3.6
2026-01-10,Bangalore,12.9716,77.5946,164.7,81.4,129.0,442.8,29.2,56.7,3.1
2026-01-11,Bangalore,12.9716,77.5946,197.7,94.8,141.8,458.3,27.1,38.4,6.9
2025-07-16,Chennai,13.0827,80.2707,101.5,45.8,83.2,400.2,31.4,79.7,3.9
2025-07-17,Chennai,13.0827,80.2707,59.7,21.2,50.9,364.0,32.9,78.5,1.3
2025-07-18,Chennai,13.0827,80.2707,51.2,20.4,36.7,365.9,27.0,80.2,4.8
2025-07-19,Chennai,13.0827,80.2707,118.6,52.4,86.1,423.9,26.5,79.9,1.6
2025-07-20,Chennai,13.0827,80.2707,92.6,35.8,74.8,396.6,34.0,83.4,3.1
2025-07-21,Chennai,13.0827,80.2707,83.9,33.7,68.6,395.8,30.4,78.2,4.6
2025-07-22,Chennai,13.0827,80.2707,134.0,53.9,96.7,425.5,34.6,83.4,3.1
2025-07-23,Chennai,13.0827,80.2707,63.7,30.9,48.5,374.5,30.0,74.7,2.1
2025-07-24,Chennai,13.0827,80.2707,93.7,46.0,69.0,399.2,32.4,73.9,2.0
2025-07-25,Chennai,13.0827,80.2707,88.3,43.3,85.8,391.8,30.8,74.2,0.7
2025-07-26,Chennai,13.0827,80.2707,81.9,34.3,67.3,401.0,35.1,81.0,3.6
2025-07-27,Chennai,13.0827,80.2707,89.0,38.6,54.3,388.2,28.1,83.2,4.0
2025-07-28,Chennai,13.0827,80.2707,108.1,59.2,85.5,402.3,30.5,78.2,2.9
2025-07-29,Chennai,13.0827,80.2707,91.3,46.7,75.0,383.4,30.1,79.6,5.1
2025-07-30,Chennai,13.0827,80.2707,49.8,22.2,38.9,372.0,27.2,75.3,5.1
2025-07-31,Chennai,13.0827,80.2707,93.3,38.5,64.2,392.8,26.6,81.5,2.8
2025-08-01,Chennai,13.0827,80.2707,105.8,52.7,73.2,415.7,36.8,58.2,3.5
2025-08-02,Chennai,13.0827,80.2707,109.1,52.7,82.4,394.8,31.1,57.4,4.4
2025-08-03,Chennai,13.0827,80.2707,127.5,54.4,99.3,399.8,27.9,83.9,4.7
2025-08-04,Chennai,13.0827,80.2707,108.1,46.7,77.0,403.0,32.7,73.2,4.1
2025-08-05,Chennai,13.0827,80.2707,109.1,48.5,88.8,414.8,38.0,81.9,4.1
2025-08-06,Chennai,13.0827,80.2707,111.1,55.4,93.7,415.1,29.3,63.1,2.4
2025-08-07,Chennai,13.0827,80.2707,105.8,47.8,83.7,411.1,32.9,85.1,4.1
2025-08-08,Chennai,13.0827,80.2707,118.9,51.2,92.1,407.6,29.3,80.0,2.0
2025-08-09,Chennai,13.0827,80.2707,113.7,53.2,90.5,389.5,27.7,71.0,4.9
2025-08-10,Chennai,13.0827,80.2707,105.7,53.8,82.9,405.4,25.2,87.8,2.6
2025-08-11,Chennai,13.0827,80.2707,89.5,37.3,72.9,390.7,30.9,87.4,4.7
2025-08-12,Chennai,13.0827,80.2707,83.8,40.1,67.1,390.5,26.6,72.2,3.2
2025-08-13,Chennai,13.0827,80.2707,124.4,57.5,95.9,416.3,28.1,76.6,4.7
2025-08-14,Chennai,13.0827,80.2707,104.2,45.3,87.8,405.7,32.0,88.2,5.4
2025-08-15,Chennai,13.0827,80.2707,135.0,59.4,106.2,425.9,28.7,62.0,2.6
2025-08-16,Chennai,13.0827,80.2707,102.0,51.4,75.1,418.5,27.7,74.3,5.1
2025-08-17,Chennai,13.0827,80.2707,86.7,38.4,60.3,394.5,25.2,85.8,3.8
2025-08-18,Chennai,13.0827,80.2707,117.8,55.3,92.0,388.1,26.4,78.5,4.5
2025-08-19,Chennai,13.0827,80.2707,80.8,32.7,60.6,390.9,31.5,84.1,1.9
2025-08-20,Chennai,13.0827,80.2707,80.8,36.7,73.9,395.8,26.5,76.0,3.8
2025-08-21,Chennai,13.0827,80.2707,123.4,53.5,110.1,402.1,31.5,52.1,4.0
2025-08-22,Chennai,13.0827,80.2707,157.4,76.4,120.1,423.0,30.3,78.9,3.1
2025-08-23,Chennai,13.0827,80.2707,107.7,52.2,81.4,405.8,30.7,60.2,3.7
2025-08-24,Chennai,13.0827,80.2707,100.0,50.2,79.1,409.6,29.9,80.4,3.5
2025-08-25,Chennai,13.0827,80.2707,133.8,62.4,94.0,416.5,33.4,84.4,2.1
2025-08-26,Chennai,13.0827,80.2707,86.2,30.7,80.1,387.0,33.9,77.5,6.1
2025-08-27,Chennai,13.0827,80.2707,108.6,51.0,85.3,407.5,33.9,66.9,4.3
2025-08-28,Chennai,13.0827,80.2707,99.6,50.9,72.5,399.8,30.2,71.4,3.0
2025-08-29,Chennai,13.0827,80.2707,65.1,27.5,40.6,360.9,27.4,76.0,2.0
2025-08-30,Chennai,13.0827,80.2707,99.1,41.2,72.4,406.8,28.6,96.0,2.0
2025-08-31,Chennai,13.0827,80.2707,99.1,40.5,76.1,405.6,27.5,88.9,3.1
2025-09-01,Chennai,13.0827,80.2707,91.1,46.4,75.3,408.0,25.5,55.4,1.9
2025-09-02,Chennai,13.0827,80.2707,115.3,49.0,92.9,399.4,23.4,59.7,2.4
2025-09-03,Chennai,13.0827,80.2707,110.5,55.7,85.2,424.7,29.5,56.2,5.6
2025-09-04,Chennai,13.0827,80.2707,109.5,45.6,86.6,402.4,27.9,72.6,3.8
2025-09-05,Chennai,13.0827,80.2707,103.6,39.7,83.6,411.7,22.9,77.0,3.8
2025-09-06,Chennai,13.0827,80.2707,80.3,35.8,59.6,387.2,28.2,72.3,5.3
2025-09-07,Chennai,13.0827,80.2707,115.7,55.5,86.7,414.0,28.0,55.2,4.1
2025-09-08,Chennai,13.0827,80.2707,105.0,45.5,81.2,407.6,27.8,55.0,1.8
2025-09-09,Chennai,13.0827,80.2707,114.9,46.0,87.3,404.6,28.2,74.2,2.5
2025-09-10,Chennai,13.0827,80.2707,100.1,40.9,84.2,405.0,26.0,57.2,4.2
2025-09-11,Chennai,13.0827,80.2707,91.1,50.7,70.8,385.2,25.6,72.2,0.5
2025-09-12,Chennai,13.0827,80.2707,90.8,40.6,80.6,379.5,20.4,75.9,5.7
2025-09-13,Chennai,13.0827,80.2707,126.9,57.8,99.2,430.5,34.0,63.6,3.0
2025-09-14,Chennai,13.0827,80.2707,95.0,35.1,69.6,391.3,27.1,77.7,1.6
2025-09-15,Chennai,13.0827,80.2707,95.9,45.4,70.6,401.0,30.2,71.9,3.2
2025-09-16,Chennai,13.0827,80.2707,68.6,35.0,38.6,383.0,34.0,58.5,5.2
2025-09-17,Chennai,13.0827,80.2707,131.5,61.9,105.3,424.3,33.3,76.9,6.2
2025-09-18,Chennai,13.0827,80.2707,76.5,31.1,69.2,378.6,24.7,59.6,3.6
2025-09-19,Chennai,13.0827,80.2707,74.0,37.4,63.4,393.0,30.6,47.9,1.4
2025-09-20,Chennai,13.0827,80.2707,131.4,54.2,100.0,411.4,29.8,61.6,4.3
2025-09-21,Chennai,13.0827,80.2707,73.0,30.5,68.5,395.4,29.7,57.2,4.0
2025-09-22,Chennai,13.0827,80.2707,115.4,43.4,85.9,422.1,26.0,75.8,6.0
2025-09-23,Chennai,13.0827,80.2707,86.6,36.6,53.8,394.3,29.0,68.9,6.2
2025-09-24,Chennai,13.0827,80.2707,111.3,58.0,86.0,394.2,29.2,50.9,2.1
2025-09-25,Chennai,13.0827,80.2707,132.5,55.3,104.4,414.7,29.0,58.7,3.1
2025-09-26,Chennai,13.0827,80.2707,101.5,46.1,82.6,412.9,28.7,63.7,1.5
2025-09-27,Chennai,13.0827,80.2707,108.0,55.7,69.9,421.3,26.8,60.1,4.4
2025-09-28,Chennai,13.0827,80.2707,74.1,33.7,59.8,386.8,27.1,56.4,3.5
2025-09-29,Chennai,13.0827,80.2707,87.1,42.1,66.4,404.2,30.0,63.1,5.9
2025-09-30,Chennai,13.0827,80.2707,108.2,46.9,85.1,403.5,26.9,60.4,3.0
2025-10-01,Chennai,13.0827,80.2707,169.7,71.5,127.9,425.3,28.8,60.6,4.4
2025-10-02,Chennai,13.0827,80.2707,138.1,62.7,112.9,410.1,26.7,68.0,0.7
2025-10-03,Chennai,13.0827,80.2707,111.5,51.4,69.8,407.2,31.0,89.9,0.5
2025-10-04,Chennai,13.0827,80.2707,96.9,41.5,79.4,395.2,25.7,73.8,2.3
2025-10-05,Chennai,13.0827,80.2707,148.0,64.9,102.8,433.9,29.5,69.1,2.7
2025-10-06,Chennai,13.0827,80.2707,170.0,80.1,128.6,433.4,31.1,76.7,5.5
2025-10-07,Chennai,13.0827,80.2707,135.3,56.3,107.1,425.8,29.6,77.4,3.6
2025-10-08,Chennai,13.0827,80.2707,141.5,58.3,124.6,433.7,27.7,70.3,1.7
2025-10-09,Chennai,13.0827,80.2707,133.9,59.1,97.3,414.4,28.2,69.2,4.1
2025-10-10,Chennai,13.0827,80.2707,110.1,48.8,86.8,398.7,29.2,60.0,1.4
2025-10-11,Chennai,13.0827,80.2707,153.1,64.3,132.8,436.6,31.9,72.3,5.6
2025-10-12,Chennai,13.0827,80.2707,150.1,71.3,126.5,433.0,23.3,52.8,4.9
2025-10-13,Chennai,13.0827,80.2707,140.6,55.3,111.4,438.4,31.0,64.8,1.7
2025-10-14,Chennai,13.0827,80.2707,182.5,83.8,135.0,432.2,28.1,56.8,3.5
2025-10-15,Chennai,13.0827,80.2707,95.6,42.4,68.9,405.3,26.7,69.0,4.5
2025-10-16,Chennai,13.0827,80.2707,144.7,59.1,120.2,421.3,27.5,81.3,2.3
2025-10-17,Chennai,13.0827,80.2707,156.0,73.6,134.9,430.9,26.3,69.3,2.8
2025-10-18,Chennai,13.0827,80.2707,134.9,56.9,106.3,424.3,27.7,55.1,3.1
2025-10-19,Chennai,13.0827,80.2707,130.8,53.8,101.1,403.9,28.9,68.0,5.8
2025-10-20,Chennai,13.0827,80.2707,150.5,64.8,121.6,443.7,24.7,53.2,2.6
2025-10-21,Chennai,13.0827,80.2707,88.6,39.3,81.5,404.7,25.8,65.0,1.1
2025-10-22,Chennai,13.0827,80.2707,89.8,47.9,83.3,387.1,26.9,67.7,1.4
2025-10-23,Chennai,13.0827,80.2707,149.6,71.4,115.1,448.5,29.6,76.9,3.8
2025-10-24,Chennai,13.0827,80.2707,132.6,54.7,110.8,415.3,24.6,80.9,0.8
2025-10-25,Chennai,13.0827,80.2707,140.0,67.3,114.2,406.9,23.8,71.4,2.8
2025-10-26,Chennai,13.0827,80.2707,114.9,51.5,84.8,410.1,25.4,74.5,5.3
2025-10-27,Chennai,13.0827,80.2707,104.2,41.4,81.6,395.9,32.1,57.4,3.9
2025-10-28,Chennai,13.0827,80.2707,168.4,73.8,142.5,427.2,29.3,70.1,4.0
2025-10-29,Chennai,13.0827,80.2707,131.6,71.3,106.7,424.9,30.8,53.9,7.0
2025-10-30,Chennai,13.0827,80.2707,170.4,67.3,130.5,442.0,29.8,61.9,2.6
2025-10-31,Chennai,13.0827,80.2707,106.6,52.0,74.1,396.0,25.6,73.6,2.7
2025-11-01,Chennai,13.0827,80.2707,191.3,85.1,148.4,468.8,23.5,64.3,3.9
2025-11-02,Chennai,13.0827,80.2707,224.4,105.9,187.6,465.5,33.0,59.5,2.3
2025-11-03,Chennai,13.0827,80.2707,173.0,81.5,145.9,435.7,28.6,68.1,3.8
2025-11-04,Chennai,13.0827,80.2707,169.5,72.3,127.8,442.1,19.8,35.5,6.6
2025-11-05,Chennai,13.0827,80.2707,165.0,70.7,130.4,430.4,25.3,61.2,3.6
2025-11-06,Chennai,13.0827,80.2707,219.7,104.0,182.1,466.9,17.9,61.2,2.1
2025-11-07,Chennai,13.0827,80.2707,187.7,81.2,146.0,463.6,24.9,44.4,4.4
2025-11-08,Chennai,13.0827,80.2707,179.3,72.2,132.0,444.1,21.8,48.0,3.6
2025-11-09,Chennai,13.0827,80.2707,194.1,88.3,151.2,445.2,19.8,58.1,5.0
2025-11-10,Chennai,13.0827,80.2707,200.4,84.7,162.0,461.9,20.4,50.0,2.7
2025-11-11,Chennai,13.0827,80.2707,162.9,74.3,123.0,441.8,24.7,34.7,6.6
2025-11-12,Chennai,13.0827,80.2707,138.6,64.2,107.9,429.9,21.5,50.4,4.0
2025-11-13,Chennai,13.0827,80.2707,133.6,58.8,90.5,409.5,16.8,45.5,5.2
2025-11-14,Chennai,13.0827,80.2707,116.8,48.7,106.2,416.9,25.5,47.3,0.5
2025-11-15,Chennai,13.0827,80.2707,131.7,56.0,101.6,430.0,19.1,51.9,2.2
2025-11-16,Chennai,13.0827,80.2707,146.6,69.5,121.8,414.1,17.0,49.0,3.9
2025-11-17,Chennai,13.0827,80.2707,232.7,107.3,172.3,475.6,21.7,48.8,5.6
2025-11-18,Chennai,13.0827,80.2707,141.5,62.2,105.8,433.2,20.1,50.2,3.0
2025-11-19,Chennai,13.0827,80.2707,182.4,72.6,145.7,441.3,21.1,43.3,3.5
2025-11-20,Chennai,13.0827,80.2707,164.8,77.1,123.0,416.5,20.0,47.0,5.3
2025-11-21,Chennai,13.0827,80.2707,131.2,59.0,104.6,427.8,23.9,48.6,0.5
2025-11-22,Chennai,13.0827,80.2707,129.1,55.2,110.6,422.8,22.8,48.6,3.6
2025-11-23,Chennai,13.0827,80.2707,138.8,60.8,103.2,425.4,17.5,42.5,3.4
2025-11-24,Chennai,13.0827,80.2707,167.0,70.3,117.2,440.9,22.0,54.9,3.6
2025-11-25,Chennai,13.0827,80.2707,168.8,79.3,130.7,413.2,26.7,57.1,1.2
2025-11-26,Chennai,13.0827,80.2707,211.0,97.4,159.8,457.8,18.5,60.1,5.3
2025-11-27,Chennai,13.0827,80.2707,223.9,97.8,173.1,468.8,25.0,49.0,3.8
2025-11-28,Chennai,13.0827,80.2707,204.3,93.8,154.5,472.3,17.1,56.4,0.5
2025-11-29,Chennai,13.0827,80.2707,146.6,73.5,117.2,432.1,22.9,49.6,2.0
2025-11-30,Chennai,13.0827,80.2707,209.4,91.9,167.1,450.3,26.6,49.7,2.8
2025-12-01,Chennai,13.0827,80.2707,218.0,90.8,165.1,464.8,27.8,37.1,3.8
2025-12-02,Chennai,13.0827,80.2707,141.6,59.7,99.4,405.4,24.0,67.3,3.5
2025-12-03,Chennai,13.0827,80.2707,204.7,94.9,154.2,440.2,21.6,37.2,2.2
2025-12-04,Chennai,13.0827,80.2707,126.0,58.1,105.2,412.5,25.0,57.3,2.3
2025-12-05,Chennai,13.0827,80.2707,223.7,107.7,161.3,460.0,24.9,61.0,4.0
2025-12-06,Chennai,13.0827,80.2707,175.9,73.3,151.1,448.5,23.8,49.0,1.4
2025-12-07,Chennai,13.0827,80.2707,184.0,92.4,150.7,443.8,23.9,35.6,4.0
2025-12-08,Chennai,13.0827,80.2707,143.0,60.5,106.9,420.2,15.8,61.9,2.5
2025-12-09,Chennai,13.0827,80.2707,208.5,97.6,162.6,460.6,20.5,49.7,3.6
2025-12-10,Chennai,13.0827,80.2707,214.4,100.5,167.4,434.3,24.2,57.0,1.7
2025-12-11,Chennai,13.0827,80.2707,212.0,91.8,169.9,467.5,31.6,60.2,2.2
2025-12-12,Chennai,13.0827,80.2707,154.4,59.0,128.9,440.2,22.9,61.9,3.2
2025-12-13,Chennai,13.0827,80.2707,222.1,100.9,166.7,465.1,24.9,65.3,4.3
2025-12-14,Chennai,13.0827,80.2707,180.4,81.7,142.2,436.5,28.2,53.4,3.9
2025-12-15,Chennai,13.0827,80.2707,230.5,103.7,190.5,487.2,30.2,43.4,6.5
2025-12-16,Chennai,13.0827,80.2707,236.7,109.4,178.8,471.3,21.5,50.2,5.3
2025-12-17,Chennai,13.0827,80.2707,183.2,75.3,144.1,435.7,23.9,52.3,2.9
2025-12-18,Chennai,13.0827,80.2707,152.1,72.2,135.6,434.2,22.2,71.3,3.6
2025-12-19,Chennai,13.0827,80.2707,147.7,67.1,111.5,414.1,20.7,60.4,5.8
2025-12-20,Chennai,13.0827,80.2707,172.4,80.9,133.4,438.2,20.7,50.9,1.5
2025-12-21,Chennai,13.0827,80.2707,210.7,98.1,167.9,462.3,21.2,60.4,3.7
2025-12-22,Chennai,13.0827,80.2707,174.9,90.2,129.6,434.6,22.9,49.5,3.4
2025-12-23,Chennai,13.0827,80.2707,209.3,87.4,162.3,464.5,20.4,50.2,5.5
2025-12-24,Chennai,13.0827,80.2707,192.5,86.5,146.6,458.1,20.0,43.9,2.8
2025-12-25,Chennai,13.0827,80.2707,204.6,96.6,160.8,442.9,16.3,45.8,5.3
2025-12-26,Chennai,13.0827,80.2707,172.1,87.7,129.0,425.7,25.4,46.3,1.5
2025-12-27,Chennai,13.0827,80.2707,153.2,67.4,115.9,437.9,16.0,57.7,2.9
2025-12-28,Chennai,13.0827,80.2707,184.8,80.4,161.2,428.3,28.6,44.4,1.6
2025-12-29,Chennai,13.0827,80.2707,179.1,86.9,136.7,437.8,23.1,35.7,4.3
2025-12-30,Chennai,13.0827,80.2707,125.6,56.1,104.9,422.4,17.0,58.9,3.4
2025-12-31,Chennai,13.0827,80.2707,210.8,99.6,150.6,450.5,25.2,47.8,4.5
2026-01-01,Chennai,13.0827,80.2707,186.3,78.3,150.5,424.2,19.2,38.8,3.5
2026-01-02,Chennai,13.0827,80.2707,129.6,52.1,105.9,405.0,16.6,39.2,2.0
2026-01-03,Chennai,13.0827,80.2707,175.6,81.6,130.9,448.3,32.9,36.1,3.5
2026-01-04,Chennai,13.0827,80.2707,142.8,68.0,107.8,413.4,20.5,48.0,4.0
2026-01-05,Chennai,13.0827,80.2707,187.5,77.4,136.4,444.1,21.8,52.7,4.0
2026-01-06,Chennai,13.0827,80.2707,146.3,62.7,123.6,424.7,17.4,36.1,0.5
2026-01-07,Chennai,13.0827,80.2707,209.2,96.1,168.5,453.5,22.2,28.5,4.0
2026-01-08,Chennai,13.0827,80.2707,138.7,66.0,112.2,413.9,26.1,52.7,3.1
2026-01-09,Chennai,13.0827,80.2707,161.5,79.7,133.5,436.2,23.6,37.9,5.2
2026-01-10,Chennai,13.0827,80.2707,122.0,52.9,98.5,411.4,28.2,46.2,3.2
2026-01-11,Chennai,13.0827,80.2707,132.8,63.0,86.9,415.6,20.0,37.7,2.9
